time,option_idx,nu,mid_price,trade_dir,trade_price,z_i,vega_i,qty_actual,S_spot
1779235266.409,8,0.0225,2.7969534771275177,1,2.7969534771275177,854931.759346969,1.24739,0.01,62603.83
1779892370.805,16,0.0225,1.6772136784602476,-1,1.6772136784602476,8614258.665513504,0.553724,0.01,62603.83
1779940394.546,16,0.0225,1.589359628636139,-1,1.5174790424164146,8614258.665513504,0.553724,0.01,62603.83
1780069071.203,16,0.0225,1.576838237481806,1,1.5582113746075918,8614258.665513504,0.553724,0.01,62603.83
1780315865.085,8,0.0225,2.787289531646866,-1,2.779382667162696,854931.759346969,1.24739,0.01,62603.83
1780622604.059,8,0.0225,2.35260462180452,-1,1.7059659129481375,854931.759346969,1.24739,0.01,62603.83
1780640661.835,8,0.0225,2.0748366796772215,-1,1.5094923106142228,854931.759346969,1.24739,0.15,62603.83
1780667493.198,4,0.0225,1.5973463604383311,-1,1.5973463604383311,411160.5417451298,0.909136,0.06,62603.83
1780671436.719,4,0.0225,1.9168156325259973,1,1.9168156325259973,411160.5417451298,0.909136,0.35,62603.83
1780671870.899,16,0.0225,1.2512650607561047,-1,0.588622133821525,8614258.665513504,0.553724,0.03,62603.83
1780671870.918,16,0.0225,1.0610382986681224,-1,0.588622133821525,8614258.665513504,0.553724,0.02,62603.83
1780671870.937,16,0.0225,0.9383355025440224,-1,0.588622133821525,8614258.665513504,0.553724,0.01,62603.83
1780671870.956,16,0.0225,0.8540686290057786,-1,0.588622133821525,8614258.665513504,0.553724,0.01,62603.83
1780671870.976,16,0.0225,0.793678272092338,-1,0.588622133821525,8614258.665513504,0.553724,0.08,62603.83
1780671870.996,16,0.0225,0.7490652321938787,-1,0.588622133821525,8614258.665513504,0.553724,0.02,62603.83
1780671871.428,16,0.0225,0.7153631702505424,-1,0.588622133821525,8614258.665513504,0.553724,0.03,62603.83
1780671871.451,16,0.0225,0.6894715610171496,-1,0.588622133821525,8614258.665513504,0.553724,0.02,62603.83
1780671871.472,16,0.0225,0.6693220300383987,-1,0.588622133821525,8614258.665513504,0.553724,0.01,62603.83
1780671871.513,16,0.0225,0.6534831218502865,-1,0.588622133821525,8614258.665513504,0.553724,0.03,62603.83
1780671871.553,16,0.0225,0.6409342489401413,-1,0.588622133821525,8614258.665513504,0.553724,0.03,62603.83
1780671871.576,16,0.0225,0.6309298515394569,-1,0.588622133821525,8614258.665513504,0.553724,0.01,62603.83
1780671871.639,16,0.0225,0.622914294927953,-1,0.588622133821525,8614258.665513504,0.553724,0.37,62603.83
1780671871.658,16,0.0225,0.616466615924856,-1,0.588622133821525,8614258.665513504,0.553724,0.53,62603.83
1780672257.656,4,0.0225,1.9168156325259973,-1,1.9168156325259973,411160.5417451298,0.909136,0.16,62603.83
1780672257.677,4,0.0225,1.9168156325259973,-1,1.9168156325259973,411160.5417451298,0.909136,0.04,62603.83
1780672257.696,4,0.0225,1.9168156325259973,-1,1.9168156325259973,411160.5417451298,0.909136,0.01,62603.83
1780672273.09,4,0.0225,1.9168156325259973,-1,1.9168156325259973,411160.5417451298,0.909136,0.11,62603.83
1780672273.14,4,0.0225,1.9168156325259973,-1,1.9168156325259973,411160.5417451298,0.909136,0.03,62603.83
1780673976.173,4,0.0225,1.9071932248780188,-1,1.876881973515039,411160.5417451298,0.909136,0.09,62603.83
1780673976.242,4,0.0225,1.9002972691147575,-1,1.876881973515039,411160.5417451298,0.909136,0.02,62603.83
1780843369.803,4,0.0225,1.6408341151012646,1,1.6764150052800284,411160.5417451298,0.909136,0.06,62603.83
1781083298.675,8,0.0225,1.9079561403136183,-1,1.4935188470098395,854931.759346969,1.24739,0.02,62603.83
1781264236.391,8,0.0225,1.8559071871820776,1,1.7075632593085759,854931.759346969,1.24739,0.02,62603.83
1781501247.459,4,0.0225,1.8256209530211716,1,2.100510463976405,411160.5417451298,0.909136,0.22,62603.83
1781501247.499,4,0.0225,1.9161847993284526,1,2.100510463976405,411160.5417451298,0.909136,2.37,62603.83
1781847345.662,4,0.0225,1.8475826899456682,1,1.6772136784602476,411160.5417451298,0.909136,0.27,62603.83
1782097755.888,4,0.0225,1.8441982462752404,1,1.8345522949634232,411160.5417451298,0.909136,0.04,62603.83
1782097755.951,4,0.0225,1.841873959496276,1,1.8345522949634232,411160.5417451298,0.909136,0.75,62603.83
1782098106.636,4,0.0225,1.8416618615101437,1,1.8409416804051766,411160.5417451298,0.909136,0.99,62603.83
1782098106.672,4,0.0225,1.8415051753039127,1,1.8409416804051766,411160.5417451298,0.909136,0.87,62603.83
1782220637.607,4,0.0225,1.7935734355109094,1,1.6133198240427145,411160.5417451298,0.909136,0.01,62603.83
1782222912.3,16,0.0225,0.6106665519984724,-1,0.5854274411006484,8614258.665513504,0.553724,0.01,62603.83
1782253746.362,12,0.0225,0.8266267415268364,1,0.8266267415268364,2314214.833191395,1.054,0.03,62603.83
1782317396.896,8,0.0225,1.7325983500868543,1,1.3441669623088557,854931.759346969,1.24739,0.01,62603.83
1782385403.832,12,0.0225,0.7769892033762152,1,0.7363766721620706,2314214.833191395,1.054,0.01,62603.83
1782385580.945,16,0.0225,0.5921641126103635,1,0.511150835340266,8614258.665513504,0.553724,0.01,62603.83
1782390628.468,16,0.0225,0.5774591095855177,1,0.5127481817007042,8614258.665513504,0.553724,0.01,62603.83
1782395612.557,12,0.0225,0.7076881192566566,-1,0.6045955974259083,2314214.833191395,1.054,0.53,62603.83
1782399417.57,8,0.0225,0.8865272300432737,-1,0.8865272300432737,854931.759346969,1.24739,0.38,62603.83
1782399417.594,8,0.0225,0.8865272300432737,-1,0.8865272300432737,854931.759346969,1.24739,0.01,62603.83
1782399675.339,8,0.0225,0.8797849424986329,-1,0.8697550932586713,854931.759346969,1.24739,0.27,62603.83
1782399675.37,8,0.0225,0.8764805540485366,-1,0.8697550932586713,854931.759346969,1.24739,0.1,62603.83
1782399675.39,8,0.0225,0.8745498571715259,-1,0.8697550932586713,854931.759346969,1.24739,0.19,62603.83
1782399675.412,8,0.0225,0.8733044913634925,-1,0.8697550932586713,854931.759346969,1.24739,0.43,62603.83
1782399675.451,8,0.0225,0.8724492290029816,-1,0.8697550932586713,854931.759346969,1.24739,0.21,62603.83
1782399675.471,8,0.0225,0.8718363001373765,-1,0.8697550932586713,854931.759346969,1.24739,0.02,62603.83
1782399675.49,8,0.0225,0.8713835023508795,-1,0.8697550932586713,854931.759346969,1.24739,0.13,62603.83
1782399675.513,8,0.0225,0.8710414449819339,-1,0.8697550932586713,854931.759346969,1.24739,0.01,62603.83
1782399675.534,8,0.0225,0.8707786594067657,-1,0.8697550932586713,854931.759346969,1.24739,0.09,62603.83
1782399675.554,8,0.0225,0.8705741527637104,-1,0.8697550932586713,854931.759346969,1.24739,0.01,62603.83
1782399675.596,8,0.0225,0.8704133965681131,-1,0.8697550932586713,854931.759346969,1.24739,0.03,62603.83
1782399675.639,8,0.0225,0.8702860324187596,-1,0.8697550932586713,854931.759346969,1.24739,0.02,62603.83
1782399675.679,8,0.0225,0.8701844932945803,-1,0.8697550932586713,854931.759346969,1.24739,0.01,62603.83
1782399675.705,8,0.0225,0.8701031398091533,-1,0.8697550932586713,854931.759346969,1.24739,0.01,62603.83
1782407205.098,16,0.0225,0.5487141508456196,-1,0.4216994391557194,8614258.665513504,0.553724,0.01,62603.83
1782407765.186,8,0.0225,0.880399297545746,1,0.9248635426937937,854931.759346969,1.24739,0.01,62603.83
1782439910.345,16,0.0225,0.5260727285052192,-1,0.4256928050568152,8614258.665513504,0.553724,0.01,62603.83
1782439912.429,12,0.0225,0.6776706349710996,-1,0.6165756951291957,2314214.833191395,1.054,0.01,62603.83
1782440492.988,12,0.0225,0.6514194001438277,-1,0.5862261142808675,2314214.833191395,1.054,0.01,62603.83
1782442129.292,12,0.0225,0.6357311099857289,-1,0.5910181533621824,2314214.833191395,1.054,0.01,62603.83
1782446262.86,16,0.0225,0.5143859702494425,-1,0.46243177134689684,8614258.665513504,0.553724,0.01,62603.83
1782446469.241,8,0.0225,0.8937822419604315,1,0.9520184308212453,854931.759346969,1.24739,0.05,62603.83
1782457527.707,8,0.0225,1.6455002513932782,1,1.3497576745703896,854931.759346969,1.24739,0.02,62603.83
1782476019.361,8,0.0225,0.892730341642003,-1,0.8881245764037121,854931.759346969,1.24739,0.06,62603.83
1782476034.521,16,0.0225,0.4962250943711026,1,0.41531005371396607,8614258.665513504,0.553724,0.02,62603.83
1782479392.634,8,0.0225,1.549879615665379,-1,1.20599650213094,854931.759346969,1.24739,0.01,62603.83
1782480091.428,8,0.0225,0.8835959109404197,-1,0.8433988783114388,854931.759346969,1.24739,0.01,62603.83
1782487071.723,8,0.0225,0.8956335018985427,1,0.9488237381003687,854931.759346969,1.24739,1.0,62603.83
1782490425.245,8,0.0225,0.9036589826350535,-1,0.9392396599377386,854931.759346969,1.24739,0.8,62603.83
1782508898.942,8,0.0225,0.9016862994199843,-1,0.8929166154850271,854931.759346969,1.24739,0.01,62603.83
1782514694.01,8,0.0225,0.9073987379521908,1,0.9328502744959853,854931.759346969,1.24739,0.2,62603.83
1782517969.219,8,0.0225,0.9119109744234529,1,0.9320516013157661,854931.759346969,1.24739,0.01,62603.83
1782551738.129,8,0.0225,0.91588487651478,-1,0.9336489476762045,854931.759346969,1.24739,0.01,62603.83
1782573380.939,8,0.0225,0.925984530283181,-1,0.9711865871465053,854931.759346969,1.24739,0.2,62603.83
1782602543.862,8,0.0225,1.4910661456566698,-1,1.2698903565484732,854931.759346969,1.24739,0.02,62603.83
1782686513.355,8,0.0225,0.9155780170312604,-1,0.8689564200784521,854931.759346969,1.24739,0.2,62603.83
1782687202.558,12,0.0225,0.6272664614376338,-1,0.6006022315248125,2314214.833191395,1.054,0.1,62603.83
1782718111.392,16,0.0225,0.48755477888792687,1,0.44885432728317104,8614258.665513504,0.553724,0.99,62603.83
1782792417.914,8,0.0225,0.9029980375419603,-1,0.8465935710323155,854931.759346969,1.24739,0.11,62603.83
1782792421.195,8,0.0225,0.8927177052025727,-1,0.8465935710323155,854931.759346969,1.24739,0.01,62603.83
1782796376.502,8,0.0225,0.7507527894060156,-1,0.7507527894060156,854931.759346969,1.24739,0.04,62603.83
1782798338.926,8,0.0225,0.7586596538901852,-1,0.7651289066499606,854931.759346969,1.24739,1.0,62603.83
1782798338.939,8,0.0225,0.7612602505145467,-1,0.7651289066499606,854931.759346969,1.24739,0.1,62603.83
1782800686.858,8,0.0225,0.7614822914315639,1,0.7619342139290839,854931.759346969,1.24739,0.16,62603.83
1782800692.455,8,0.0225,0.7616120260894371,1,0.7619342139290839,854931.759346969,1.24739,0.65,62603.83
1782804968.289,8,0.0225,0.7625254814504551,-1,0.7651289066499606,854931.759346969,1.24739,0.81,62603.83
1782805710.889,8,0.0225,0.7623830097295924,-1,0.7619342139290839,854931.759346969,1.24739,1.0,62603.83
1782805710.89,8,0.0225,0.7622809065221073,-1,0.7619342139290839,854931.759346969,1.24739,1.01,62603.83
1782806112.614,8,0.0225,0.7616841883410194,-1,0.7595381943884264,854931.759346969,1.24739,1.52,62603.83
1782808451.626,8,0.0225,0.7582136170255231,-1,0.7451620771444815,854931.759346969,1.24739,0.5,62603.83
1782823184.999,8,0.0225,1.4201035836396936,-1,1.143699994073845,854931.759346969,1.24739,0.01,62603.83
1782824380.927,12,0.0225,0.6055738488432411,1,0.5319163380259643,2314214.833191395,1.054,0.2,62603.83
1782828487.613,8,0.0225,0.7495104696045495,-1,0.7156111694763723,854931.759346969,1.24739,0.61,62603.83
1782828672.025,8,0.0225,0.740982143645134,-1,0.7068257644939615,854931.759346969,1.24739,1.0,62603.83
1782828775.356,8,0.0225,0.7341215417045851,-1,0.7060270913137423,854931.759346969,1.24739,0.07,62603.83
1782829941.577,8,0.0225,0.7291495800905232,-1,0.7084231108543998,854931.759346969,1.24739,1.0,62603.83
1782830092.612,8,0.0225,0.7254912430735447,-1,0.7100204572148382,854931.759346969,1.24739,1.55,62603.83
1782830092.62,8,0.0225,0.7225601712369195,-1,0.7100204572148382,854931.759346969,1.24739,0.63,62603.83
1782830328.7,12,0.0225,0.5892010254099416,-1,0.5303189916655259,2314214.833191395,1.054,0.01,62603.83
1782831558.737,8,0.0225,0.714195706200953,1,0.6780735300060715,854931.759346969,1.24739,0.16,62603.83
1782831559.1,8,0.0225,0.7074458189285954,1,0.6780735300060715,854931.759346969,1.24739,0.01,62603.83
1782831823.866,16,0.0225,0.4604773179571188,-1,0.33943610159314536,8614258.665513504,0.553724,0.01,62603.83
1782831885.806,16,0.0225,0.4376424729671811,-1,0.3354427356920495,8614258.665513504,0.553724,0.01,62603.83
1782831936.05,16,0.0225,0.4188472802195619,-1,0.3346440625118304,8614258.665513504,0.553724,0.01,62603.83
1782832030.277,16,0.0225,0.4034920108344524,-1,0.3346440625118304,8614258.665513504,0.553724,0.01,62603.83
1782832280.953,8,0.0225,0.6993119054061556,1,0.6636974127621266,854931.759346969,1.24739,1.0,62603.83
1782836133.132,12,0.0225,0.5744837640602817,1,0.5191375671424576,2314214.833191395,1.054,0.85,62603.83
1782837269.248,8,0.0225,0.6915342826139564,1,0.6573080273203732,854931.759346969,1.24739,1.14,62603.83
1782839928.245,8,0.0225,0.6869866460984454,1,0.6668921054830033,854931.759346969,1.24739,1.0,62603.83
1782853503.537,8,0.0225,0.6868161500123472,-1,0.6860602618082632,854931.759346969,1.24739,0.05,62603.83
1782854936.456,8,0.0225,1.3581765678528521,-1,1.1101557205046402,854931.759346969,1.24739,0.01,62603.83
1782857801.981,8,0.0225,0.6869706718563728,-1,0.6876576081687015,854931.759346969,1.24739,1.0,62603.83
1782859372.917,8,0.0225,0.684900605694312,1,0.675677510465414,854931.759346969,1.24739,1.0,62603.83
1782865562.239,8,0.0225,0.8680185149043506,-1,0.7571421748477689,854931.759346969,1.24739,0.47,62603.83
1782865562.294,8,0.0225,0.8478263422935193,-1,0.7571421748477689,854931.759346969,1.24739,0.48,62603.83
1782868363.795,8,0.0225,1.3010329326134913,-1,1.0670273687728051,854931.759346969,1.24739,0.03,62603.83
1782870310.67,8,0.0225,0.6883288602916765,-1,0.7036310717730848,854931.759346969,1.24739,0.1,62603.83
1782874094.315,8,0.0225,0.6937543326306788,1,0.7180071890170299,854931.759346969,1.24739,1.47,62603.83
1782874094.363,8,0.0225,0.6981835889701088,1,0.7180071890170299,854931.759346969,1.24739,1.17,62603.83
1782876361.911,8,0.0225,0.6999063589653901,-1,0.7076244376741807,854931.759346969,1.24739,0.87,62603.83
1782879071.829,8,0.0225,0.7051006149246242,-1,0.7283899403598789,854931.759346969,1.24739,1.0,62603.83
1782882736.86,8,0.0225,0.7106554522687532,-1,0.7355779989818515,854931.759346969,1.24739,0.07,62603.83
1782888877.393,12,0.0225,0.5667667247714708,-1,0.5367083771072793,2314214.833191395,1.054,0.45,62603.83
1782888921.952,12,0.0225,0.5607611219210467,-1,0.5367083771072793,2314214.833191395,1.054,0.03,62603.83
1782888923.227,12,0.0225,0.5560403077114033,-1,0.5367083771072793,2314214.833191395,1.054,0.01,62603.83
1782888939.411,12,0.0225,0.5523000942544124,-1,0.5367083771072793,2314214.833191395,1.054,0.01,62603.83
1782888995.53,12,0.0225,0.5493182661607615,-1,0.5367083771072793,2314214.833191395,1.054,0.17,62603.83
1782889244.804,12,0.0225,0.5470805309533456,1,0.5375070502874985,2314214.833191395,1.054,3.0,62603.83
1782889318.684,12,0.0225,0.5452805064496649,1,0.5375070502874985,2314214.833191395,1.054,2.0,62603.83
1782892940.464,8,0.0225,0.7064656982151309,-1,0.6876576081687015,854931.759346969,1.24739,0.01,62603.83
1782894270.464,8,0.0225,0.8346606998051449,-1,0.7755116579928097,854931.759346969,1.24739,0.27,62603.83
1782894270.482,8,0.0225,0.8238946079054494,-1,0.7755116579928097,854931.759346969,1.24739,0.01,62603.83
1782894270.506,8,0.0225,0.8150898653132317,-1,0.7755116579928097,854931.759346969,1.24739,0.13,62603.83
1782894272.533,8,0.0225,0.8078885794990267,-1,0.7755116579928097,854931.759346969,1.24739,0.03,62603.83
1782894274.565,8,0.0225,0.8019983543289748,-1,0.7755116579928097,854931.759346969,1.24739,0.01,62603.83
1782894808.733,8,0.0225,0.7971802408041215,-1,0.7755116579928097,854931.759346969,1.24739,0.24,62603.83
1782894808.755,8,0.0225,0.7932389252732926,-1,0.7755116579928097,854931.759346969,1.24739,0.02,62603.83
1782894808.782,8,0.0225,0.7900147328027626,-1,0.7755116579928097,854931.759346969,1.24739,0.03,62603.83
1782894809.365,8,0.0225,0.7873771053256906,-1,0.7755116579928097,854931.759346969,1.24739,0.06,62603.83
1782894810.165,8,0.0225,0.7852192795183236,-1,0.7755116579928097,854931.759346969,1.24739,0.16,62603.83
1782897705.276,8,0.0225,0.7062403717571777,1,0.7052284181335232,854931.759346969,1.24739,1.0,62603.83
1782898698.526,8,0.0225,0.7057653214811834,-1,0.7036310717730848,854931.759346969,1.24739,1.0,62603.83
1782901550.976,8,0.0225,0.7024694218411852,-1,0.6876576081687015,854931.759346969,1.24739,0.9,62603.83
1782909770.768,8,0.0225,1.2610128385663273,-1,1.0941822569002568,854931.759346969,1.24739,0.06,62603.83
1782911943.787,8,0.0225,0.6994832783649141,-1,0.6860602618082632,854931.759346969,1.24739,0.79,62603.83
1782913983.533,8,0.0225,0.70823052920392,1,0.747558096685139,854931.759346969,1.24739,0.58,62603.83
1782915202.733,8,0.0225,1.2544625595084131,-1,1.2267620048166383,854931.759346969,1.24739,0.54,62603.83
1782918756.314,8,0.0225,0.7238126589053717,1,0.7938811411378506,854931.759346969,1.24739,0.35,62603.83
1782918846.275,8,0.0225,0.7372850220736232,1,0.7978745070389464,854931.759346969,1.24739,0.23,62603.83
1782918846.321,8,0.0225,0.7483056910383733,1,0.7978745070389464,854931.759346969,1.24739,0.59,62603.83
1782920249.821,4,0.0225,1.6869178474257414,-1,1.2714877029089116,411160.5417451298,0.909136,0.01,62603.83
1782920329.068,8,0.0225,0.7613884481924686,-1,0.820237356085083,854931.759346969,1.24739,1.0,62603.83
1782923281.267,8,0.0225,0.771800605185475,1,0.8186400097246447,854931.759346969,1.24739,0.21,62603.83
1782930403.558,8,0.0225,0.7793020073846296,1,0.8130492974631105,854931.759346969,1.24739,0.1,62603.83
1782934474.202,8,0.0225,1.2549644400226203,-1,1.2571115856649666,854931.759346969,1.24739,0.61,62603.83
1782941928.331,8,0.0225,1.2664805891051283,1,1.3162134010011848,854931.759346969,1.24739,0.01,62603.83
1782945201.668,8,0.0225,0.7924104617076004,-1,0.8513856101136305,854931.759346969,1.24739,1.0,62603.83
1782947951.65,8,0.0225,0.79993962513427,1,0.8338148001488088,854931.759346969,1.24739,0.51,62603.83
1782947951.674,8,0.0225,0.8060994854506818,1,0.8338148001488088,854931.759346969,1.24739,0.02,62603.83
1782950618.452,8,0.0225,0.8047491158405127,1,0.7986731802191656,854931.759346969,1.24739,0.27,62603.83
1782950618.508,8,0.0225,0.8036443117151524,1,0.7986731802191656,854931.759346969,1.24739,0.01,62603.83
1782950641.089,8,0.0225,0.8025951875147207,1,0.7978745070389464,854931.759346969,1.24739,0.44,62603.83
1782951795.539,8,0.0225,0.8002846249365877,1,0.7898877752367547,854931.759346969,1.24739,0.06,62603.83
1782952079.512,8,0.0225,0.7973776678658069,1,0.7842970629752205,854931.759346969,1.24739,0.25,62603.83
1782952964.262,8,0.0225,0.791949701677476,1,0.7675249261906181,854931.759346969,1.24739,0.07,62603.83
1782952964.282,8,0.0225,0.7875087028888055,1,0.7675249261906181,854931.759346969,1.24739,0.02,62603.83
1782953402.655,8,0.0225,0.7872151879122254,1,0.7858944093356589,854931.759346969,1.24739,0.02,62603.83
1782963527.075,8,0.0225,0.8003349285748304,1,0.8593723419158221,854931.759346969,1.24739,0.08,62603.83
1782964194.864,8,0.0225,0.8132474111601804,1,0.8713524396191096,854931.759346969,1.24739,0.06,62603.83
1782964202.432,8,0.0225,0.8245381770174363,1,0.8753458055202055,854931.759346969,1.24739,0.03,62603.83
1782973343.935,12,0.0225,0.562483215543882,1,0.6373411978148941,2314214.833191395,1.054,0.01,62603.83
1782982436.921,8,0.0225,0.8262248539434889,-1,0.8338148001488088,854931.759346969,1.24739,0.01,62603.83
1782986956.689,8,0.0225,0.8379150919182033,1,0.8905205959443696,854931.759346969,1.24739,0.01,62603.83
1782999296.254,12,0.0225,0.5902110335045231,1,0.7116178035752765,2314214.833191395,1.054,0.85,62603.83
1783001405.49,8,0.0225,0.8615655902471804,1,0.9679918944256286,854931.759346969,1.24739,0.63,62603.83
1783001405.869,8,0.0225,0.8809159415737445,1,0.9679918944256286,854931.759346969,1.24739,0.68,62603.83
1783001405.89,8,0.0225,0.8967480094512603,1,0.9679918944256286,854931.759346969,1.24739,0.02,62603.83
1783003761.958,8,0.0225,0.905490291762958,1,0.9448303721992728,854931.759346969,1.24739,0.21,62603.83
1783003762.014,8,0.0225,0.9126430567818039,1,0.9448303721992728,854931.759346969,1.24739,0.99,62603.83
1783022157.617,16,0.0225,0.4186014365680044,1,0.4863919667534718,8614258.665513504,0.553724,0.01,62603.83
1783060684.825,16,0.0225,0.42978751531381354,-1,0.48000258131171847,8614258.665513504,0.553724,0.01,62603.83
1783066806.747,8,0.0225,0.918785738805618,1,0.9464277185597112,854931.759346969,1.24739,0.06,62603.83
1783066824.664,8,0.0225,0.9235211369423343,1,0.9448303721992728,854931.759346969,1.24739,0.37,62603.83
1783076408.672,8,0.0225,0.9284120451503504,1,0.950421084460807,854931.759346969,1.24739,0.25,62603.83
1783079493.636,8,0.0225,0.9360440323541379,1,0.9703879139662861,854931.759346969,1.24739,0.45,62603.83
1783080813.53,8,0.0225,0.8315281449023366,1,1.0398724806453534,854931.759346969,1.24739,0.01,62603.83
1783084132.62,8,0.0225,0.9417075279557795,1,0.9671932212454094,854931.759346969,1.24739,0.45,62603.83
1783086798.093,8,0.0225,0.9495359906842212,1,0.9847640312102311,854931.759346969,1.24739,0.13,62603.83
1783090282.85,8,0.0225,0.9540533195742621,1,0.974381279867382,854931.759346969,1.24739,0.41,62603.83
1783090282.931,8,0.0225,0.9577493147540431,1,0.974381279867382,854931.759346969,1.24739,0.01,62603.83
1783090300.59,8,0.0225,0.9607733100170986,1,0.974381279867382,854931.759346969,1.24739,0.58,62603.83
1783098038.287,16,0.0225,0.4414050468249123,1,0.4935800253754443,8614258.665513504,0.553724,0.02,62603.83
1783238663.861,12,0.0225,0.6184587926775228,-1,0.742766057603824,2314214.833191395,1.054,0.19,62603.83
1783315834.914,4,0.0225,1.6768407268036798,-1,1.6364813462690702,411160.5417451298,0.909136,0.01,62603.83
1783339434.273,8,0.0225,0.9583102328963806,1,0.9472263917399303,854931.759346969,1.24739,0.01,62603.83
1783341816.059,12,0.0225,0.6341770696976868,-1,0.7036310717730848,2314214.833191395,1.054,0.02,62603.83
1783350376.11,12,0.0225,0.6705797818961756,1,0.7435647307840431,2314214.833191395,1.054,2.06,62603.83
1783350376.11,12,0.0225,0.6541622935703005,1,0.742766057603824,2314214.833191395,1.054,1.34,62603.83
1783350376.121,12,0.0225,0.6843973115147817,-1,0.7459607503247007,2314214.833191395,1.054,4.19,62603.83
1783353050.759,4,0.0225,1.6701734613095527,1,1.6428707317108235,411160.5417451298,0.909136,3.47,62603.83
1783353050.844,8,0.0225,0.9777865651875153,1,1.0654300224123667,854931.759346969,1.24739,3.37,62603.83
1783353051.069,4,0.0225,1.6664363304262875,1,1.650857463513015,411160.5417451298,0.909136,1.75,62603.83
1783353051.07,4,0.0225,1.6634569598674915,1,1.650857463513015,411160.5417451298,0.909136,1.72,62603.83
1783354525.432,12,0.0225,0.7136456978099595,1,0.844197551491658,2314214.833191395,1.054,0.17,62603.83
1783355184.779,12,0.0225,0.7321096026976246,-1,0.8146466438235489,2314214.833191395,1.054,0.08,62603.83
1783355185.118,12,0.0225,0.747183196785723,-1,0.8146466438235489,2314214.833191395,1.054,0.16,62603.83
1783357910.792,12,0.0225,0.7653236431947248,-1,0.8465935710323155,2314214.833191395,1.054,0.19,62603.83
1783366600.556,8,0.0225,1.0076622252465508,1,1.1421026477134066,854931.759346969,1.24739,0.03,62603.83
1783382780.65,12,0.0225,0.7785418954776208,1,0.8378081660499046,2314214.833191395,1.054,0.2,62603.83
1783387644.816,12,0.0225,0.7884704213251993,-1,0.8330161269685896,2314214.833191395,1.054,0.01,62603.83
1783512617.359,8,0.0225,1.0024824228686657,-1,0.979173318948697,854931.759346969,1.24739,0.63,62603.83
1783526101.264,8,0.0225,0.986482123113316,1,0.9144807913509445,854931.759346969,1.24739,0.42,62603.83
1783528851.364,8,0.0225,0.9784734363001069,1,0.9424343526586153,854931.759346969,1.24739,0.16,62603.83
1783533710.347,8,0.0225,0.9756964212188667,1,0.9631998553443136,854931.759346969,1.24739,0.02,62603.83
1783560376.517,8,0.0225,0.9770546511148078,1,0.9831666848497927,854931.759346969,1.24739,0.01,62603.83
1783560501.029,8,0.0225,0.9775850768000236,-1,0.9799719921289161,854931.759346969,1.24739,0.01,62603.83
1783564436.636,12,0.0225,0.7719958458647894,-1,0.6980403595115506,2314214.833191395,1.054,0.01,62603.83
1783606570.115,16,0.0225,0.4520673000911398,-1,0.49996941081719765,8614258.665513504,0.553724,0.02,62603.83
1783609981.17,8,0.0225,0.878273786071771,-1,1.0885915446387227,854931.759346969,1.24739,1.0,62603.83
1783609981.192,8,0.0225,0.9165179579255611,-1,1.0885915446387227,854931.759346969,1.24739,0.35,62603.83
1783613836.931,8,0.0225,0.9828111008597192,-1,1.0063282070761486,854931.759346969,1.24739,0.46,62603.83
1783613836.932,8,0.0225,0.9870869386033948,-1,1.0063282070761486,854931.759346969,1.24739,0.54,62603.83
1783623163.077,12,0.0225,0.7700180284567191,-1,0.7611355407488648,2314214.833191395,1.054,1.08,62603.83
1783623163.096,12,0.0225,0.7684008789289315,-1,0.7611355407488648,2314214.833191395,1.054,0.28,62603.83
1783639322.474,16,0.0225,0.4628214687261816,-1,0.511150835340266,8614258.665513504,0.553724,0.01,62603.83
1783671122.883,4,0.0225,1.67620142025892,1,1.7307247815349318,411160.5417451298,0.909136,0.02,62603.83
1783673008.53,12,0.0225,0.7794350518290944,-1,0.8290227610674938,2314214.833191395,1.054,0.17,62603.83
1783673564.119,12,0.0225,0.7884590368562618,-1,0.8290227610674938,2314214.833191395,1.054,0.22,62603.83
1783683049.925,12,0.0225,0.7974381495565527,1,0.8378081660499046,2314214.833191395,1.054,1.18,62603.83
1783683677.534,12,0.0225,0.8042013320211802,1,0.834613473329028,2314214.833191395,1.054,1.31,62603.83
1783690153.653,8,0.0225,0.9627655659323338,-1,1.1708548822012967,854931.759346969,1.24739,0.78,62603.83
1783690153.665,8,0.0225,1.0006030200109528,-1,1.1708548822012967,854931.759346969,1.24739,0.6,62603.83
1783692099.96,8,0.0225,1.0363522876726434,-1,1.1972110971485292,854931.759346969,1.24739,0.2,62603.83
1783692912.151,8,0.0225,1.0162881075211732,-1,1.1476933599749408,854931.759346969,1.24739,1.0,62603.83
1783693643.283,12,0.0225,0.806973111689125,1,0.8194386829048639,2314214.833191395,1.054,0.04,62603.83
1783693907.559,12,0.0225,0.8112742822997913,-1,0.8306201074279321,2314214.833191395,1.054,0.07,62603.83
1783702002.062,8,0.0225,1.0355331465804378,-1,1.1221358182079275,854931.759346969,1.24739,0.2,62603.83
1783784240.152,8,0.0225,1.0592111850814623,-1,1.1620694772188858,854931.759346969,1.24739,0.1,62603.83
1783787756.808,8,0.0225,1.0777682941444797,-1,1.1612708040386668,854931.759346969,1.24739,0.2,62603.83
1783812432.915,8,0.0225,1.0919345843908992,-1,1.1556800917771326,854931.759346969,1.24739,0.87,62603.83
1783812432.916,8,0.0225,1.1035250172789217,-1,1.1556800917771326,854931.759346969,1.24739,0.02,62603.83
1783838474.245,4,0.0225,1.6817977982169754,1,1.7059659129481375,411160.5417451298,0.909136,1.0,62603.83
1783865871.301,8,0.0225,1.1099584333785517,-1,1.13890795499253,854931.759346969,1.24739,1.4,62603.83
1783865871.301,8,0.0225,1.1152220863195055,-1,1.13890795499253,854931.759346969,1.24739,0.2,62603.83
1783893061.51,4,0.0225,1.6854184639739758,1,1.7011738738668225,411160.5417451298,0.909136,1.0,62603.83
1783907752.795,12,0.0225,0.8031719945450424,-1,0.7667262530103989,2314214.833191395,1.054,0.1,62603.83
1783951883.837,8,0.0225,1.0178800260478191,1,0.9384409867575195,854931.759346969,1.24739,2.0,62603.83
1783952276.629,8,0.0225,1.094115939692863,1,0.9991401484541761,854931.759346969,1.24739,0.6,62603.83
1783972278.316,12,0.0225,0.7810017484200301,1,0.6812682227269482,2314214.833191395,1.054,0.02,62603.83
1783980304.05,8,0.0225,1.2896533233660914,1,1.390490006761567,854931.759346969,1.24739,2.0,62603.83
1783981583.885,12,0.0225,0.7599595137200432,-1,0.6652947591225649,2314214.833191395,1.054,0.01,62603.83
1784035186.436,8,0.0225,1.0295749596538133,1,1.0822021591969693,854931.759346969,1.24739,0.1,62603.83
1784101740.192,8,0.0225,1.1099564562875335,-1,1.181237633544146,854931.759346969,1.24739,0.01,62603.83
1784102036.145,8,0.0225,1.1229168099893025,-1,1.181237633544146,854931.759346969,1.24739,0.04,62603.83
1784122804.687,12,0.0225,0.7826854642047982,-1,0.8849298836828354,2314214.833191395,1.054,0.06,62603.83
1784123186.413,12,0.0225,0.7970662774258065,-1,0.8617683614564796,2314214.833191395,1.054,1.11,62603.83
1784124661.607,12,0.0225,0.8147861600219923,-1,0.8945139618454654,2314214.833191395,1.054,0.3,62603.83
1784124873.248,12,0.0225,0.8263789936268019,-1,0.878540498241082,2314214.833191395,1.054,0.03,62603.83
1784124891.65,12,0.0225,0.8360088887661795,-1,0.8793391714213012,2314214.833191395,1.054,0.02,62603.83
1784124908.688,12,0.0225,0.8437424158589492,-1,0.878540498241082,2314214.833191395,1.054,0.05,62603.83
1784124935.08,12,0.0225,0.8493435739526779,-1,0.8745471323399863,2314214.833191395,1.054,0.02,62603.83
1784124959.868,12,0.0225,0.8542166796674859,-1,0.8761444787004246,2314214.833191395,1.054,0.01,62603.83
1784125542.599,12,0.0225,0.8586393509994896,-1,0.878540498241082,2314214.833191395,1.054,0.54,62603.83
1784126042.525,8,0.0225,1.1468804314678211,-1,1.254715566124309,854931.759346969,1.24739,0.01,62603.83
1784126111.307,8,0.0225,1.170698177253296,1,1.277877088350665,854931.759346969,1.24739,0.01,62603.83
1784128465.653,8,0.0225,1.0703644029438668,1,1.2539168929440898,854931.759346969,1.24739,0.1,62603.83
1784161075.066,8,0.0225,1.1771160923814614,-1,1.20599650213094,854931.759346969,1.24739,0.09,62603.83
1784161515.5,8,0.0225,1.1769941830803075,-1,1.176445594462831,854931.759346969,1.24739,0.04,62603.83
1784186688.075,8,0.0225,1.1767492254220295,-1,1.1756469212826117,854931.759346969,1.24739,0.01,62603.83
1784218112.986,12,0.0225,0.8509308770309898,1,0.8162439901839872,2314214.833191395,1.054,0.81,62603.83
1784266838.086,8,0.0225,1.1502651125831318,-1,1.0310870756629427,854931.759346969,1.24739,1.15,62603.83
1784290203.207,4,0.0225,1.6718650458537643,1,1.6125211508624953,411160.5417451298,0.909136,0.03,62603.83
1784290791.018,8,0.0225,1.0568336850321052,-1,0.9959454557332994,854931.759346969,1.24739,0.02,62603.83
1784291627.086,8,0.0225,1.0441657513447984,1,0.9871600507508886,854931.759346969,1.24739,0.02,62603.83
1784451429.642,8,0.0225,1.152847007443738,-1,1.1644654967595434,854931.759346969,1.24739,0.01,62603.83
1784452762.251,8,0.0225,1.157282882533343,1,1.17724426764305,854931.759346969,1.24739,0.01,62603.83
1784561510.166,12,0.0225,0.8497066065851775,1,0.844197551491658,2314214.833191395,1.054,0.13,62603.83
1784562754.786,4,0.0225,1.7116015118704542,1,1.886466051677669,411160.5417451298,0.909136,1.5,62603.83
1784573629.345,12,0.0225,0.8523353445594316,-1,0.8641643809971371,2314214.833191395,1.054,0.08,62603.83
1784580100.067,12,0.0225,0.8556478382217961,-1,0.8705537664388905,2314214.833191395,1.054,0.01,62603.83
1784593952.257,16,0.0225,0.4876041644740043,-1,0.5990048851643741,8614258.665513504,0.553724,0.73,62603.83
1784616039.155,12,0.0225,0.8663448796721905,-1,0.9144807913509445,2314214.833191395,1.054,1.0,62603.83
1784626256.484,12,0.0225,0.8787273296790163,-1,0.9344476208564236,2314214.833191395,1.054,0.53,62603.83
1784637822.321,16,0.0225,0.5228414915244052,-1,0.6812682227269482,8614258.665513504,0.553724,0.01,62603.83
1784644034.831,12,0.0225,0.8990234020335633,-1,0.9903547434717652,2314214.833191395,1.054,0.02,62603.83
1784651852.671,12,0.0225,0.9128701475545055,-1,0.9751799530476011,2314214.833191395,1.054,0.01,62603.83
1784652344.616,16,0.0225,0.5512276376549287,-1,0.6788722031862907,8614258.665513504,0.553724,0.02,62603.83
1784652360.575,12,0.0225,0.9231827708239803,-1,0.969589240786067,2314214.833191395,1.054,0.01,62603.83
1784653135.528,12,0.0225,0.9335081336476333,-1,0.9799719921289161,2314214.833191395,1.054,0.05,62603.83
1784659488.699,12,0.0225,0.9383257943133894,1,0.9600051626234369,2314214.833191395,1.054,0.05,62603.83
1784678936.336,12,0.0225,0.947785633830235,-1,0.9903547434717652,2314214.833191395,1.054,0.21,62603.83
1784757727.008,12,0.0225,0.9457961752170817,1,0.9368436403970811,2314214.833191395,1.054,0.43,62603.83
1784879354.608,16,0.0225,0.5612262075599224,1,0.6061929437863467,8614258.665513504,0.553724,2.0,62603.83
1784898101.579,12,0.0225,0.922531608752424,-1,0.8178413365444255,2314214.833191395,1.054,0.24,62603.83
1784898166.637,12,0.0225,0.9032065529801084,-1,0.8162439901839872,2314214.833191395,1.054,0.08,62603.83
1784901305.77,8,0.0225,1.1455195940716154,-1,1.0925849105398184,854931.759346969,1.24739,1.0,62603.83
1784901305.789,8,0.0225,1.135895092215019,-1,1.0925849105398184,854931.759346969,1.24739,0.56,62603.83
1784947035.569,12,0.0225,0.875632860238914,-1,0.7515514625862347,2314214.833191395,1.054,0.32,62603.83
1785031139.176,12,0.0225,0.8587359050084206,-1,0.7826997166147822,2314214.833191395,1.054,0.08,62603.83
1785046495.797,12,0.0225,0.8449111300764054,1,0.7826997166147822,2314214.833191395,1.054,0.04,62603.83
1785105478.226,12,0.0225,0.8452170286747229,1,0.8465935710323155,2314214.833191395,1.054,0.24,62603.83
1785110434.213,12,0.0225,0.8453220958660849,-1,0.8457948978520963,2314214.833191395,1.054,0.63,62603.83
1785155778.389,8,0.0225,1.143703559976533,-1,1.1788416140034883,854931.759346969,1.24739,0.12,62603.83
1785161086.747,12,0.0225,0.8449724197613405,-1,0.8433988783114388,2314214.833191395,1.054,0.04,62603.83
1785163049.215,8,0.0225,1.1407986427038004,-1,1.1277265304694617,854931.759346969,1.24739,0.12,62603.83
1785168052.27,12,0.0225,0.8351022388642122,-1,0.7906864484169739,2314214.833191395,1.054,0.01,62603.83
1785192038.66,12,0.0225,0.8255745041586546,-1,0.7826997166147822,2314214.833191395,1.054,0.01,62603.83
1785192041.093,12,0.0225,0.8160365258011004,-1,0.7731156384521523,2314214.833191395,1.054,0.01,62603.83
1785209382.066,8,0.0225,1.0285733993288304,-1,0.9584078162629986,854931.759346969,1.24739,0.1,62603.83
1785210567.345,12,0.0225,0.7954539523190233,-1,0.7028323985928656,2314214.833191395,1.054,1.0,62603.83
1785235391.923,12,0.0225,0.7790493065453383,1,0.7052284181335232,2314214.833191395,1.054,0.03,62603.83
1785251113.391,12,0.0225,0.7631586981089095,-1,0.6916509740697974,2314214.833191395,1.054,0.06,62603.83
1785291121.412,8,0.0225,1.1236101242271723,1,1.0462618660871068,854931.759346969,1.24739,0.01,62603.83
1785291133.993,8,0.0225,1.1099824356355648,1,1.0486578856277644,854931.759346969,1.24739,0.01,62603.83
1785305673.262,8,0.0225,1.1030436996264092,1,1.07181940785412,854931.759346969,1.24739,0.02,62603.83
1785305673.411,8,0.0225,1.0975117665694185,1,1.0726180810343393,854931.759346969,1.24739,0.01,62603.83
1785314675.679,8,0.0225,1.0983585345310283,1,1.1021689887024484,854931.759346969,1.24739,0.01,62603.83
1785314750.778,8,0.0225,1.1002130513638029,1,1.1085583741442018,854931.759346969,1.24739,0.01,62603.83
1785314762.463,8,0.0225,1.1020208098196658,1,1.1101557205046402,854931.759346969,1.24739,0.01,62603.83
1785330599.495,12,0.0225,0.7611935046995579,-1,0.7523501357664539,2314214.833191395,1.054,0.93,62603.83
1785335715.923,8,0.0225,1.0989982714307511,-1,1.0853968519178459,854931.759346969,1.24739,0.01,62603.83
1785342167.203,8,0.0225,1.0303373511559581,1,1.0382751342849152,854931.759346969,1.24739,0.1,62603.83
1785351238.362,8,0.0225,1.105673725374488,-1,1.1357132622716535,854931.759346969,1.24739,0.15,62603.83
1785402573.143,8,0.0225,1.1035843671977186,1,1.0941822569002568,854931.759346969,1.24739,0.02,62603.83
1785407464.509,12,0.0225,0.7623446723661662,-1,0.7675249261906181,2314214.833191395,1.054,0.99,62603.83
1785413780.326,8,0.0225,1.1137823847364017,1,1.1596734576782284,854931.759346969,1.24739,0.1,62603.83
1785462505.209,8,0.0225,1.1154464042728371,-1,1.1229344913881467,854931.759346969,1.24739,0.02,62603.83
1785464150.403,12,0.0225,0.7622700435529116,-1,0.7619342139290839,2314214.833191395,1.054,0.01,62603.83
1785481594.891,8,0.0225,1.0282954651042318,-1,1.0191069779596553,854931.759346969,1.24739,0.02,62603.83
1785488057.769,16,0.0225,0.5444185803651383,-1,0.46882115678865016,8614258.665513504,0.553724,0.01,62603.83
1785501253.372,12,0.0225,0.7495754251369249,-1,0.6924496472500166,2314214.833191395,1.054,0.03,62603.83
1785501323.548,8,0.0225,1.0155886197787278,-1,0.9584078162629986,854931.759346969,1.24739,0.1,62603.83
1785504631.764,12,0.0225,0.7396245594017665,-1,0.694845666790674,2314214.833191395,1.054,0.1,62603.83
1785505316.365,8,0.0225,1.0022878438687859,-1,0.9424343526586153,854931.759346969,1.24739,0.1,62603.83
1785506533.107,8,0.0225,1.0905242645835647,-1,0.9783746457684778,854931.759346969,1.24739,0.07,62603.83
1785506827.342,8,0.0225,1.059823278315458,1,0.921668849972917,854931.759346969,1.24739,0.08,62603.83
1785515447.789,16,0.0225,0.52224398070442,1,0.4224981123359386,8614258.665513504,0.553724,0.01,62603.83
1785606670.323,8,0.0225,1.0354303567056917,-1,0.9256622158740129,854931.759346969,1.24739,0.01,62603.83
1785661233.14,12,0.0225,0.7210275836789417,1,0.6373411978148941,2314214.833191395,1.054,0.1,62603.83
1785728804.928,16,0.0225,0.5007627223713743,-1,0.40412862919089776,8614258.665513504,0.553724,0.01,62603.83
1785739023.315,16,0.0225,0.4821723298520314,-1,0.3985379169293636,8614258.665513504,0.553724,0.99,62603.83
1785741335.163,12,0.0225,0.7002937707386178,-1,0.6069916169665658,2314214.833191395,1.054,0.1,62603.83
1785745280.167,8,0.0225,1.0112613261136405,-1,0.9025006936476571,854931.759346969,1.24739,0.01,62603.83
1785745338.204,16,0.0225,0.46478476322518614,-1,0.3865578192260761,8614258.665513504,0.553724,0.07,62603.83
1785751712.962,16,0.0225,0.45186671169267845,-1,0.3937458778480486,8614258.665513504,0.553724,1.0,62603.83
1785751880.453,16,0.0225,0.4414432525496293,1,0.3945445510282678,8614258.665513504,0.553724,0.5,62603.83
1785756404.659,16,0.0225,0.43189878770226453,1,0.3889538387667336,8614258.665513504,0.553724,1.0,62603.83
1785761098.979,16,0.0225,0.4245256640771545,1,0.3913498583073911,8614258.665513504,0.553724,1.2,62603.83
1785767432.069,16,0.0225,0.42720667355016684,1,0.439270249120541,8614258.665513504,0.553724,0.02,62603.83
1785774750.565,12,0.0225,0.6974154333209261,1,0.6844629154478249,2314214.833191395,1.054,0.24,62603.83
1785783909.207,12,0.0225,0.6937535102259603,-1,0.6772748568258524,2314214.833191395,1.054,0.03,62603.83
1785814781.692,16,0.0225,0.42794795764810944,-1,0.4312835173183494,8614258.665513504,0.553724,4.87,62603.83
1785814826.372,16,0.0225,0.42840922998830455,-1,0.4304848441381302,8614258.665513504,0.553724,3.2,62603.83
1785814826.372,16,0.0225,0.4287866279354633,-1,0.4304848441381302,8614258.665513504,0.553724,4.87,62603.83
1785818321.181,16,0.0225,0.4290954035925007,1,0.4304848441381302,8614258.665513504,0.553724,1.93,62603.83
1785838509.36,16,0.0225,0.42716978326059896,-1,0.41850474643484276,8614258.665513504,0.553724,0.32,62603.83
1785840313.098,12,0.0225,0.6864009921036306,1,0.6533146614192774,2314214.833191395,1.054,0.1,62603.83
1785840747.819,12,0.0225,0.6811113620503427,-1,0.6573080273203732,2314214.833191395,1.054,0.01,62603.83
1785843062.83,16,0.0225,0.4267560203231759,-1,0.4248941318765961,8614258.665513504,0.553724,0.2,62603.83
1785843753.777,16,0.0225,0.4267079209878125,1,0.42649147823703437,8614258.665513504,0.553724,1.0,62603.83
1785909663.439,12,0.0225,0.6866579878616755,1,0.7116178035752765,2314214.833191395,1.054,0.01,62603.83
1785942597.729,8,0.0225,1.0088309876089525,1,1.0382751342849152,854931.759346969,1.24739,0.1,62603.83
1785946015.571,16,0.0225,0.43480061944999915,-1,0.47121717632930765,8614258.665513504,0.553724,0.99,62603.83
1785982819.418,12,0.0225,0.6935195491416424,-1,0.7243965744587831,2314214.833191395,1.054,0.14,62603.83
1786014403.572,8,0.0225,1.0219814601620956,-1,1.0702220614936817,854931.759346969,1.24739,1.0,62603.83
1786015636.246,12,0.0225,0.6992787671055307,-1,0.7251952476390023,2314214.833191395,1.054,0.02,62603.83
1786026308.345,4,0.0225,1.708203197667368,-1,1.693187142064631,411160.5417451298,0.909136,1.0,62603.83
1786037641.263,16,0.0225,0.442874031660382,-1,0.4792039081314993,8614258.665513504,0.553724,1.0,62603.83
1786037641.264,16,0.0225,0.4494795219824864,-1,0.4792039081314993,8614258.665513504,0.553724,0.78,62603.83
1786060893.035,8,0.0225,1.0285742791761905,1,1.0582419637903944,854931.759346969,1.24739,0.05,62603.83
1786078796.017,8,0.0225,1.0326614839895916,1,1.0510539051684218,854931.759346969,1.24739,0.01,62603.83
1786093915.246,8,0.0225,1.0141844688416033,1,1.0382751342849152,854931.759346969,1.24739,0.1,62603.83
1786097326.766,12,0.0225,0.7061690541117779,-1,0.7371753453422898,2314214.833191395,1.054,0.03,62603.83
1786100919.241,8,0.0225,1.0471869853451745,-1,1.1125517400452976,854931.759346969,1.24739,0.12,62603.83
1786101820.433,16,0.0225,0.4595308541077973,-1,0.5047614498985126,8614258.665513504,0.553724,1.21,62603.83
1786101820.434,16,0.0225,0.46775464733275646,-1,0.5047614498985126,8614258.665513504,0.553724,0.58,62603.83
1786105499.03,8,0.0225,1.0600879795231757,-1,1.1181424523068317,854931.759346969,1.24739,0.01,62603.83
1786107312.101,8,0.0225,1.0330859204351581,1,1.1181424523068317,854931.759346969,1.24739,0.1,62603.83
1786107637.156,16,0.0225,0.08945139618454653,1,0.08945139618454653,8614258.665513504,0.553724,0.02,62603.83
1786109545.04,16,0.0225,0.08813358543718491,1,0.08705537664388904,8614258.665513504,0.553724,0.02,62603.83
1786110376.652,8,0.0225,1.0738380310932911,-1,1.1357132622716535,854931.759346969,1.24739,0.01,62603.83
1786111562.269,8,0.0225,1.0788439010375084,-1,1.1013703155222292,854931.759346969,1.24739,0.01,62603.83
1786112364.436,16,0.0225,0.08609484610821018,1,0.08306201074279322,8614258.665513504,0.553724,0.02,62603.83
1786112458.989,16,0.0225,0.08509566198163346,1,0.08306201074279322,8614258.665513504,0.553724,0.03,62603.83
1786113125.23,16,0.0225,0.08542896541369352,-1,0.08625670346366988,8614258.665513504,0.553724,0.05,62603.83
1786115541.37,16,0.0225,0.084814185526742,-1,0.08306201074279322,8614258.665513504,0.553724,0.1,62603.83
1786122135.675,16,0.0225,0.4714336952401735,-1,0.48798931311391014,8614258.665513504,0.553724,1.0,62603.83
1786122138.507,16,0.0225,0.4742986055941521,-1,0.487190639933691,8614258.665513504,0.553724,1.79,62603.83
1786176029.396,16,0.0225,0.08304484471964715,-1,0.07747129848125905,8614258.665513504,0.553724,0.1,62603.83
1786236620.778,16,0.0225,0.08232194208254606,-1,0.07986731802191656,8614258.665513504,0.553724,0.01,62603.83
1786245300.002,8,0.0225,1.0822135462609928,-1,1.0973769496211334,854931.759346969,1.24739,0.01,62603.83
1786249932.867,16,0.0225,0.08126661177962372,1,0.07747129848125905,8614258.665513504,0.553724,0.02,62603.83
1786282226.882,16,0.0225,0.0809726814991842,1,0.07986731802191656,8614258.665513504,0.553724,0.01,62603.83
1786294039.979,8,0.0225,0.5630645920545116,1,0.5630645920545116,854931.759346969,1.24739,0.05,62603.83
1786295588.532,8,0.0225,1.0925216206420487,1,1.13890795499253,854931.759346969,1.24739,1.5,62603.83
1786303256.834,8,0.0225,0.5577933490650652,1,0.5534805138918817,854931.759346969,1.24739,0.3,62603.83
1786312604.248,8,0.0225,0.555096434047209,-1,0.5510844943512242,854931.759346969,1.24739,0.34,62603.83
1786312604.28,8,0.0225,0.5537746786671703,-1,0.5510844943512242,854931.759346969,1.24739,0.01,62603.83
1786312615.641,8,0.0225,0.5530023999163661,-1,0.5510844943512242,854931.759346969,1.24739,0.02,62603.83
1786312628.661,8,0.0225,0.5525042535931528,-1,0.5510844943512242,854931.759346969,1.24739,0.08,62603.83
1786319730.37,16,0.0225,0.08025739272270865,-1,0.07747129848125905,8614258.665513504,0.553724,1.0,62603.83
1786319798.982,8,0.0225,1.0932591944275378,-1,1.0965782764409142,854931.759346969,1.24739,0.01,62603.83
1786322800.413,16,0.0225,0.07897815705554091,-1,0.0766726253010399,8614258.665513504,0.553724,4.8,62603.83
1786322800.413,16,0.0225,0.07853209809380096,-1,0.0766726253010399,8614258.665513504,0.553724,2.03,62603.83
1786322800.413,16,0.0225,0.07954116275271171,-1,0.0766726253010399,8614258.665513504,0.553724,4.31,62603.83
1786328163.162,16,0.0225,0.07909293488061447,-1,0.08146466438235489,8614258.665513504,0.553724,0.99,62603.83
1786328560.451,8,0.0225,0.547350944824959,1,0.5311176648457451,854931.759346969,1.24739,0.01,62603.83
1786343474.938,16,0.0225,0.07923964834668902,-1,0.07986731802191656,8614258.665513504,0.553724,0.88,62603.83
1786343504.333,16,0.0225,0.0795078321118282,-1,0.08066599120213572,8614258.665513504,0.553724,0.1,62603.83
1786343514.563,16,0.0225,0.07972424884322489,-1,0.08066599120213572,8614258.665513504,0.553724,0.02,62603.83
1786343531.496,16,0.0225,0.08031018156190432,1,0.08146466438235489,8614258.665513504,0.553724,0.95,62603.83
1786343531.496,16,0.0225,0.08004783524851075,1,0.08146466438235489,8614258.665513504,0.553724,3.0,62603.83
1786347442.23,8,0.0225,0.5567403392187883,1,0.588622133821525,854931.759346969,1.24739,0.5,62603.83
1786347511.044,12,0.0225,0.7189220136593997,-1,0.776310331173029,2314214.833191395,1.054,0.16,62603.83
1786347511.905,8,0.0225,0.5636767020443085,1,0.588622133821525,854931.759346969,1.24739,0.5,62603.83
1786349188.544,16,0.0225,0.08052323774614124,-1,0.08146466438235489,8614258.665513504,0.553724,1.0,62603.83
1786355543.23,8,0.0225,0.5559986444279967,1,0.5271242989446493,854931.759346969,1.24739,1.11,62603.83
1786355543.231,8,0.0225,0.5500999766311343,1,0.5271242989446493,854931.759346969,1.24739,0.32,62603.83
1786363703.146,8,0.0225,0.549339240831699,1,0.5462924552699092,854931.759346969,1.24739,0.03,62603.83
1786369063.324,16,0.0225,0.07923758264168809,-1,0.0766726253010399,8614258.665513504,0.553724,3.0,62603.83
1786369063.324,16,0.0225,0.07981455306967532,-1,0.0766726253010399,8614258.665513504,0.553724,4.39,62603.83
1786369115.305,16,0.0225,0.07862102032739252,-1,0.07587395212082072,8614258.665513504,0.553724,4.39,62603.83
1786369145.366,16,0.0225,0.0779720399891986,-1,0.07507527894060156,8614258.665513504,0.553724,3.32,62603.83
1786369615.983,16,0.0225,0.07744248534050856,-1,0.07507527894060156,8614258.665513504,0.553724,0.1,62603.83
1786372723.663,8,0.0225,0.5434115809570732,-1,0.5191375671424576,854931.759346969,1.24739,0.01,62603.83
1786373664.031,16,0.0225,0.077301887160815,-1,0.0766726253010399,8614258.665513504,0.553724,0.99,62603.83
1786376052.159,8,0.0225,0.5326888489005176,-1,0.48798931311391014,854931.759346969,1.24739,0.03,62603.83
1786376096.012,8,0.0225,0.5238348309285533,-1,0.4863919667534718,854931.759346969,1.24739,0.03,62603.83
1786376108.769,8,0.0225,1.0844237989893775,-1,1.0446645197266686,854931.759346969,1.24739,0.01,62603.83
1786377013.924,8,0.0225,0.5147738616931101,1,0.47600921541062263,854931.759346969,1.24739,0.03,62603.83
1786377118.294,8,0.0225,0.5083862658384294,1,0.48080125449193767,854931.759346969,1.24739,0.03,62603.83
1786377352.563,8,0.0225,0.5021869606436111,-1,0.4752105422304035,854931.759346969,1.24739,0.13,62603.83
1786378714.885,8,0.0225,1.019508083280961,-1,0.9584078162629986,854931.759346969,1.24739,0.1,62603.83
1786383940.329,8,0.0225,0.4924195947772696,-1,0.4496530004633902,854931.759346969,1.24739,0.01,62603.83
1786418319.903,12,0.0225,0.7125115097362829,1,0.6836642422676057,2314214.833191395,1.054,0.01,62603.83
1786419383.536,16,0.0225,0.07500092598710316,1,0.0646925275977524,8614258.665513504,0.553724,1.0,62603.83
1786419577.11,16,0.0225,0.07312109005557228,1,0.0646925275977524,8614258.665513504,0.553724,4.0,62603.83
1786422000.71,8,0.0225,0.4867190316711323,1,0.4616330981666777,854931.759346969,1.24739,0.13,62603.83
1786429557.111,16,0.0225,0.07114819132493237,-1,0.06229650805709491,8614258.665513504,0.553724,4.8,62603.83
1786429557.111,16,0.0225,0.06953558904397689,-1,0.06229650805709491,8614258.665513504,0.553724,0.2,62603.83
1786429570.305,16,0.0225,0.46778457914593696,1,0.4384715759403219,8614258.665513504,0.553724,0.05,62603.83
1786431829.198,16,0.0225,0.06836269836188984,1,0.06309518123731407,8614258.665513504,0.553724,4.8,62603.83
1786431829.198,16,0.0225,0.06740369193139542,1,0.06309518123731407,8614258.665513504,0.553724,1.11,62603.83
1786431837.266,16,0.0225,0.0666194725989763,1,0.06309518123731407,8614258.665513504,0.553724,4.07,62603.83
1786431837.266,16,0.0225,0.06597812108329895,1,0.06309518123731407,8614258.665513504,0.553724,1.83,62603.83
1786433246.886,16,0.0225,0.06545356792079669,1,0.06309518123731407,8614258.665513504,0.553724,2.29,62603.83
1786442435.546,16,0.0225,0.06618691405878127,1,0.0694845666790674,8614258.665513504,0.553724,0.09,62603.83
1786442675.712,16,0.0225,0.06649621154469611,1,0.06788722031862907,8614258.665513504,0.553724,0.09,62603.83
1786442765.301,8,0.0225,0.4850373539263519,-1,0.477606561771061,854931.759346969,1.24739,0.01,62603.83
1786442835.112,16,0.0225,0.06674922322210768,1,0.06788722031862907,8614258.665513504,0.553724,0.09,62603.83
1786442945.575,8,0.0225,0.48322878166240096,-1,0.4752105422304035,854931.759346969,1.24739,0.01,62603.83
1786442975.416,16,0.0225,0.06695619937991226,1,0.06788722031862907,8614258.665513504,0.553724,0.09,62603.83
1786443104.197,16,0.0225,0.06712552115766407,-1,0.06788722031862907,8614258.665513504,0.553724,0.07,62603.83
1786443597.236,8,0.0225,0.48116968586528613,1,0.47201584950952685,854931.759346969,1.24739,0.19,62603.83
1786447020.273,16,0.0225,0.06711329615467056,1,0.0670885471384099,8614258.665513504,0.553724,2.97,62603.83
1786447020.273,16,0.0225,0.06711879713869451,1,0.0670885471384099,8614258.665513504,0.553724,3.0,62603.83
1786447796.684,8,0.0225,0.48110215142629187,1,0.48080125449193767,854931.759346969,1.24739,0.1,62603.83
1786449891.74,8,0.0225,0.4819241693434106,1,0.48559329357325265,854931.759346969,1.24739,0.1,62603.83
1786449905.814,16,0.0225,0.06725403023543763,1,0.06788722031862907,8614258.665513504,0.553724,0.5,62603.83
1786453873.584,8,0.0225,0.48142688049346677,1,0.4792039081314993,854931.759346969,1.24739,0.1,62603.83
1786456603.025,16,0.0225,0.06635255462325267,1,0.06229650805709491,8614258.665513504,0.553724,0.01,62603.83
1786456617.703,16,0.0225,0.06561501935509192,1,0.06229650805709491,8614258.665513504,0.553724,0.08,62603.83
1786456620.074,16,0.0225,0.06501160529665441,1,0.06229650805709491,8614258.665513504,0.553724,0.05,62603.83
1786456620.225,16,0.0225,0.06451791887564023,1,0.06229650805709491,8614258.665513504,0.553724,0.12,62603.83
1786456636.124,16,0.0225,0.06411400432594941,1,0.06229650805709491,8614258.665513504,0.553724,5.02,62603.83
1786457090.23,8,0.0225,0.47795783724901986,1,0.46243177134689684,854931.759346969,1.24739,0.03,62603.83
1786457667.833,16,0.0225,0.06378353595043154,-1,0.06229650805709491,8614258.665513504,0.553724,0.22,62603.83
1786458537.287,16,0.0225,0.06322272048685344,1,0.06069916169665658,8614258.665513504,0.553724,0.34,62603.83
1786458907.757,16,0.0225,0.06261866055744944,1,0.059900488516437415,8614258.665513504,0.553724,0.01,62603.83
1786458954.909,16,0.0225,0.06212443557500868,1,0.059900488516437415,8614258.665513504,0.553724,0.01,62603.83
1786458965.017,16,0.0225,0.061720073608981525,1,0.059900488516437415,8614258.665513504,0.553724,0.01,62603.83
1786459032.671,16,0.0225,0.06138923463033317,1,0.059900488516437415,8614258.665513504,0.553724,0.02,62603.83
1786459075.31,8,0.0225,1.0705150270217418,-1,1.007925553436587,854931.759346969,1.24739,0.79,62603.83
1786459527.063,12,0.0225,0.7050883524003613,-1,0.6716841445643182,2314214.833191395,1.054,0.01,62603.83
1786459923.589,16,0.0225,0.06097333473576446,-1,0.05910181533621825,8614258.665513504,0.553724,0.01,62603.83
1786459923.589,16,0.0225,0.06063305481459366,-1,0.05910181533621825,8614258.665513504,0.553724,0.02,62603.83
1786460229.494,16,0.0225,0.05991900142486515,-1,0.05670579579556075,8614258.665513504,0.553724,10.03,62603.83
1786460243.782,16,0.0225,0.05859275266875257,-1,0.05590712261534159,8614258.665513504,0.553724,4.43,62603.83
1786460243.782,16,0.0225,0.0591895636523209,-1,0.05590712261534159,8614258.665513504,0.553724,5.61,62603.83
1786462172.321,8,0.0225,0.47046088344657533,1,0.43687422957988353,854931.759346969,1.24739,0.01,62603.83
1786462176.258,8,0.0225,0.46433603297283704,1,0.43687422957988353,854931.759346969,1.24739,0.02,62603.83
1786462471.519,12,0.0225,0.6964010205370645,-1,0.6573080273203732,2314214.833191395,1.054,0.1,62603.83
1786462704.253,8,0.0225,0.9938776132243089,-1,0.878540498241082,854931.759346969,1.24739,0.1,62603.83
1786464003.433,8,0.0225,0.4555460777618055,-1,0.41610872689418527,854931.759346969,1.24739,0.4,62603.83
1786464783.442,16,0.0225,0.057814025924100086,1,0.054309776254903255,8614258.665513504,0.553724,0.2,62603.83
1786473242.265,8,0.0225,0.44574232419347015,1,0.40173260965024027,854931.759346969,1.24739,1.0,62603.83
1786473281.86,8,0.0225,0.438163873172832,1,0.40412862919089776,854931.759346969,1.24739,1.0,62603.83
1786473281.862,8,0.0225,0.43196740203278794,1,0.40412862919089776,854931.759346969,1.24739,1.09,62603.83
1786476099.987,16,0.0225,0.056305603828113664,1,0.04951773717358826,8614258.665513504,0.553724,2.58,62603.83
1786476099.994,16,0.0225,0.05507144226513269,1,0.04951773717358826,8614258.665513504,0.553724,2.75,62603.83
1786479511.851,16,0.0225,0.05464252979063423,1,0.052712429894464924,8614258.665513504,0.553724,2.72,62603.83
1786479511.852,16,0.0225,0.054291601777409694,1,0.052712429894464924,8614258.665513504,0.553724,3.0,62603.83
1786479511.855,16,0.0225,0.054004479108532406,1,0.052712429894464924,8614258.665513504,0.553724,0.04,62603.83
1786485406.949,8,0.0225,0.4303892081790104,1,0.42329678551615774,854931.759346969,1.24739,0.1,62603.83
1786487797.663,8,0.0225,0.42982524097330654,1,0.42729015141725357,854931.759346969,1.24739,0.01,62603.83
1786494532.602,8,0.0225,0.42892802181178796,1,0.4248941318765961,854931.759346969,1.24739,0.02,62603.83
1786495070.439,16,0.0225,0.05435041479269922,1,0.05590712261534159,8614258.665513504,0.553724,4.64,62603.83
1786496509.824,8,0.0225,0.42921124929683957,1,0.4304848441381302,854931.759346969,1.24739,0.03,62603.83
1786497612.739,8,0.0225,0.42944292502008286,-1,0.4304848441381302,854931.759346969,1.24739,0.02,62603.83
1786500841.387,16,0.0225,0.4605671501395576,-1,0.4280888245974727,8614258.665513504,0.553724,0.03,62603.83
1786502266.284,8,0.0225,0.42948716921458885,-1,0.42968617095791106,854931.759346969,1.24739,1.36,62603.83
1786502266.284,8,0.0225,0.42937810242493407,-1,0.4288874977776919,854931.759346969,1.24739,0.44,62603.83
1786506228.446,8,0.0225,0.4294341298562236,1,0.42968617095791106,854931.759346969,1.24739,0.02,62603.83
1786507256.498,16,0.0225,0.0546334529140882,1,0.05590712261534159,8614258.665513504,0.553724,0.48,62603.83
1786507610.798,12,0.0225,0.6894384168740224,-1,0.6581067005005924,2314214.833191395,1.054,1.0,62603.83
1786508740.675,16,0.0225,0.05486502944796701,1,0.05590712261534159,8614258.665513504,0.553724,4.8,62603.83
1786508740.675,16,0.0225,0.055054501083269446,1,0.05590712261534159,8614258.665513504,0.553724,0.02,62603.83
1786508787.206,16,0.0225,0.05520952328064075,1,0.05590712261534159,8614258.665513504,0.553724,2.03,62603.83
1786510905.508,16,0.0225,0.05519114620805893,-1,0.05510844943512242,8614258.665513504,0.553724,3.0,62603.83
1786510905.508,16,0.0225,0.05516380842216193,-1,0.05510844943512242,8614258.665513504,0.553724,2.17,62603.83
1786510905.508,16,0.0225,0.055176110424627625,-1,0.05510844943512242,8614258.665513504,0.553724,6.8,62603.83
1786522243.31,8,0.0225,0.42846325011755243,-1,0.4240954586963769,854931.759346969,1.24739,0.05,62603.83
1786522309.877,8,0.0225,0.42781420343198723,-1,0.4248941318765961,854931.759346969,1.24739,0.05,62603.83
1786522397.057,8,0.0225,0.4272832036192664,-1,0.4248941318765961,854931.759346969,1.24739,0.03,62603.83
1786522485.08,8,0.0225,0.4265583135288853,-1,0.42329678551615774,854931.759346969,1.24739,0.05,62603.83
1786523705.496,12,0.0225,0.6822896080979776,-1,0.6501199686984007,2314214.833191395,1.054,0.1,62603.83
1786528237.43,16,0.0225,0.05620160494481166,1,0.058303142155999084,8614258.665513504,0.553724,2.43,62603.83
1786528237.43,16,0.0225,0.05573459653980831,1,0.058303142155999084,8614258.665513504,0.553724,5.45,62603.83
1786528269.281,16,0.0225,0.056728916027751534,1,0.05910181533621825,8614258.665513504,0.553724,2.47,62603.83
1786532750.039,8,0.0225,0.4316291241358961,-1,0.45444503954470516,854931.759346969,1.24739,1.0,62603.83
1786533880.438,8,0.0225,0.43679437956215633,1,0.46003575180623935,854931.759346969,1.24739,0.05,62603.83
1786536197.904,8,0.0225,0.4418916977371399,-1,0.4648277908875543,854931.759346969,1.24739,1.55,62603.83
1786537309.83,8,0.0225,0.447514331250773,1,0.472814522689746,854931.759346969,1.24739,0.05,62603.83
1786537503.456,8,0.0225,0.45124324993448495,1,0.468022483608431,854931.759346969,1.24739,0.1,62603.83
1786537559.785,8,0.0225,0.454294129282159,1,0.468022483608431,854931.759346969,1.24739,0.1,62603.83
1786538038.417,16,0.0225,0.057886418977546705,1,0.06309518123731407,8614258.665513504,0.553724,3.86,62603.83
1786538040.895,16,0.0225,0.05897868010901963,1,0.06389385441753324,8614258.665513504,0.553724,0.05,62603.83
1786539086.461,8,0.0225,0.45272417501124534,-1,0.44565963456229435,854931.759346969,1.24739,0.06,62603.83
1786539791.878,8,0.0225,0.45187533261675633,-1,0.44805565410295184,854931.759346969,1.24739,0.25,62603.83
1786540271.774,8,0.0225,0.45190691276302314,1,0.4520490200040477,854931.759346969,1.24739,0.1,62603.83
1786540292.56,8,0.0225,0.4519327508591208,1,0.4520490200040477,854931.759346969,1.24739,0.1,62603.83
1786542439.422,8,0.0225,0.45050173880209,-1,0.44406228820185606,854931.759346969,1.24739,0.09,62603.83
1786542559.635,8,0.0225,0.44976656159658207,-1,0.44645830774251355,854931.759346969,1.24739,0.2,62603.83
1786543854.975,12,0.0225,0.16532534830536727,1,0.16532534830536727,2314214.833191395,1.054,0.32,62603.83
1786545198.485,12,0.0225,0.16225045656152348,1,0.15973463604383312,2314214.833191395,1.054,0.02,62603.83
1786545262.628,12,0.0225,0.16091805211817778,-1,0.15893596286361394,2314214.833191395,1.054,0.02,62603.83
1786545266.658,12,0.0225,0.1600019147912728,-1,0.15813728968339477,2314214.833191395,1.054,0.02,62603.83
1786546641.42,8,0.0225,0.4403069658613882,-1,0.39773924374914443,854931.759346969,1.24739,0.17,62603.83
1786546662.162,8,0.0225,0.4328577528996818,-1,0.3993365901095828,854931.759346969,1.24739,0.09,62603.83
1786546812.847,12,0.0225,0.15671530345848503,1,0.14855321152076478,2314214.833191395,1.054,0.03,62603.83
1786546812.873,12,0.0225,0.15459532624876052,1,0.14855321152076478,2314214.833191395,1.054,0.13,62603.83
1786546873.36,12,0.0225,0.15313941931689945,1,0.14855321152076478,2314214.833191395,1.054,0.08,62603.83
1786546873.388,12,0.0225,0.15209603494109322,1,0.14855321152076478,2314214.833191395,1.054,0.24,62603.83
1786546873.454,12,0.0225,0.15132524054333876,1,0.14855321152076478,2314214.833191395,1.054,0.11,62603.83
1786546875.862,12,0.0225,0.1507429587576137,1,0.14855321152076478,2314214.833191395,1.054,0.15,62603.83
1786546875.967,12,0.0225,0.1502956207732179,1,0.14855321152076478,2314214.833191395,1.054,0.21,62603.83
1786546878.355,12,0.0225,0.1499474905935406,1,0.14855321152076478,2314214.833191395,1.054,0.05,62603.83
1786546878.891,12,0.0225,0.14967383648420998,1,0.14855321152076478,2314214.833191395,1.054,0.12,62603.83
1786546919.346,12,0.0225,0.14945702541374073,1,0.14855321152076478,2314214.833191395,1.054,0.06,62603.83
1786546952.135,12,0.0225,0.14943691784456625,1,0.14935188470098396,2314214.833191395,1.054,0.37,62603.83
1786546952.157,12,0.0225,0.14942080759298562,1,0.14935188470098396,2314214.833191395,1.054,0.27,62603.83
1786546952.255,12,0.0225,0.1494078485764275,1,0.14935188470098396,2314214.833191395,1.054,0.1,62603.83
1786546962.104,12,0.0225,0.1493973910157166,1,0.14935188470098396,2314214.833191395,1.054,0.02,62603.83
1786547081.685,12,0.0225,0.1495374234120632,1,0.15015055788120313,2314214.833191395,1.054,0.4,62603.83
1786547159.092,12,0.0225,0.14979883992530588,1,0.15094923106142227,2314214.833191395,1.054,0.15,62603.83
1786547498.173,8,0.0225,0.4274890308707405,1,0.4033299560106786,854931.759346969,1.24739,0.07,62603.83
1786549257.784,8,0.0225,0.42309645059438,-1,0.4033299560106786,854931.759346969,1.24739,0.11,62603.83
1786549260.183,8,0.0225,0.41950252828925144,-1,0.4033299560106786,854931.759346969,1.24739,0.11,62603.83
1786550699.05,12,0.0225,0.14956896310934334,1,0.14855321152076478,2314214.833191395,1.054,0.06,62603.83
1786550909.582,12,0.0225,0.14923502791109117,-1,0.1477545383405456,2314214.833191395,1.054,1.0,62603.83
1786551092.579,12,0.0225,0.14866982703916104,-1,0.1461571919801073,2314214.833191395,1.054,0.06,62603.83
1786551201.245,12,0.0225,0.1480628555365878,1,0.14535851879988812,2314214.833191395,1.054,0.02,62603.83
1786551201.621,12,0.0225,0.14756787827273213,1,0.14535851879988812,2314214.833191395,1.054,0.2,62603.83
1786551240.088,16,0.0225,0.057258508482747036,1,0.04951773717358826,8614258.665513504,0.553724,0.05,62603.83
1786555848.419,12,0.0225,0.14716398697488464,-1,0.14535851879988812,2314214.833191395,1.054,0.06,62603.83
1786562285.322,16,0.0225,0.05556066875829614,1,0.04792039081314993,8614258.665513504,0.553724,2.57,62603.83
1786562285.499,16,0.0225,0.05417152721454228,1,0.04792039081314993,8614258.665513504,0.553724,1.42,62603.83
1786570177.109,8,0.0225,0.41569076844774694,1,0.3985379169293636,854931.759346969,1.24739,0.2,62603.83
1786570711.259,16,0.0225,0.05318017020732648,1,0.048719063993369095,8614258.665513504,0.553724,2.54,62603.83
1786576094.502,8,0.0225,0.4112651367174269,1,0.3913498583073911,854931.759346969,1.24739,1.11,62603.83
1786576094.504,8,0.0225,0.4076441691710746,1,0.3913498583073911,854931.759346969,1.24739,0.59,62603.83
1786579413.511,8,0.0225,1.0488249779809784,-1,0.9512197576410262,854931.759346969,1.24739,0.06,62603.83
1786584205.987,12,0.0225,0.14656496409678688,1,0.14535851879988812,2314214.833191395,1.054,0.02,62603.83
1786584205.987,12,0.0225,0.1468342575099362,1,0.14535851879988812,2314214.833191395,1.054,0.78,62603.83
1786584218.008,12,0.0225,0.14649060291594596,1,0.1461571919801073,2314214.833191395,1.054,2.76,62603.83
1786584218.009,12,0.0225,0.14642983511796628,1,0.1461571919801073,2314214.833191395,1.054,0.02,62603.83
1786584417.185,12,0.0225,0.14623466239365127,1,0.14535851879988812,2314214.833191395,1.054,0.04,62603.83
1786584420.898,12,0.0225,0.14607510407247914,1,0.14535851879988812,2314214.833191395,1.054,0.34,62603.83
1786584420.942,12,0.0225,0.14594464224992404,1,0.14535851879988812,2314214.833191395,1.054,0.07,62603.83
1786584420.971,12,0.0225,0.1458379582067966,1,0.14535851879988812,2314214.833191395,1.054,0.13,62603.83
1786584644.201,12,0.0225,0.14560536692507747,1,0.14455984561966898,2314214.833191395,1.054,0.12,62603.83
1786584679.966,12,0.0225,0.1454151335048487,1,0.14455984561966898,2314214.833191395,1.054,0.04,62603.83
1786584799.49,12,0.0225,0.14525953383710516,1,0.14455984561966898,2314214.833191395,1.054,0.07,62603.83
1786584799.518,12,0.0225,0.1451322557039313,1,0.14455984561966898,2314214.833191395,1.054,0.08,62603.83
1786584799.55,12,0.0225,0.14502813958453614,1,0.14455984561966898,2314214.833191395,1.054,0.2,62603.83
1786584803.878,12,0.0225,0.1449429674115424,1,0.14455984561966898,2314214.833191395,1.054,0.15,62603.83
1786585306.037,12,0.0225,0.14545429875563684,-1,0.1477545383405456,2314214.833191395,1.054,0.07,62603.83
1786585318.681,12,0.0225,0.14587261558771183,-1,0.1477545383405456,2314214.833191395,1.054,0.08,62603.83
1786585401.897,8,0.0225,0.40555284332619757,-1,0.3961418973887061,854931.759346969,1.24739,0.16,62603.83
1786585401.935,8,0.0225,0.40384175976803655,-1,0.3961418973887061,854931.759346969,1.24739,0.14,62603.83
1786585402.73,12,0.0225,0.1460696052914088,-1,0.14695586516032647,2314214.833191395,1.054,0.1,62603.83
1786585402.849,12,0.0225,0.1462307670353902,-1,0.14695586516032647,2314214.833191395,1.054,0.08,62603.83
1786585403.13,12,0.0225,0.1463626188461449,-1,0.14695586516032647,2314214.833191395,1.054,0.06,62603.83
1786588041.082,16,0.0225,0.451031646769695,-1,0.4081219950919936,8614258.665513504,0.553724,0.01,62603.83
1786594283.268,16,0.0225,0.4445368001697268,1,0.41531005371396607,8614258.665513504,0.553724,0.04,62603.83
1786598228.558,8,0.0225,0.4088311761451372,1,0.4312835173183494,854931.759346969,1.24739,0.1,62603.83
1786615709.256,12,0.0225,0.6754240896009062,-1,0.6445292564368665,2314214.833191395,1.054,0.02,62603.83
1786620200.786,12,0.0225,0.1463252648473041,-1,0.1461571919801073,2314214.833191395,1.054,1.56,62603.83
1786620200.828,12,0.0225,0.14629470369448547,-1,0.1461571919801073,2314214.833191395,1.054,1.92,62603.83
1786623573.777,8,0.0225,0.4072500995473591,-1,0.4001352632898019,854931.759346969,1.24739,0.02,62603.83
1786624300.963,12,0.0225,0.1465132811969354,-1,0.14695586516032647,2314214.833191395,1.054,0.62,62603.83
1786624300.963,12,0.0225,0.14641492275442472,-1,0.14695586516032647,2314214.833191395,1.054,3.67,62603.83
1786624300.996,12,0.0225,0.146593754541458,-1,0.14695586516032647,2314214.833191395,1.054,4.84,62603.83
1786624487.257,12,0.0225,0.14680481372262014,1,0.1477545383405456,2314214.833191395,1.054,0.05,62603.83
1786625160.808,8,0.0225,0.4065373456115604,-1,0.4033299560106786,854931.759346969,1.24739,0.06,62603.83
1786625161.103,8,0.0225,0.4059541834873925,-1,0.4033299560106786,854931.759346969,1.24739,0.06,62603.83
1786625161.137,8,0.0225,0.4054770509654875,-1,0.4033299560106786,854931.759346969,1.24739,0.42,62603.83
1786627955.755,12,0.0225,0.14712271357426268,1,0.14855321152076478,2314214.833191395,1.054,0.35,62603.83
1786627957.149,12,0.0225,0.1473828103642467,1,0.14855321152076478,2314214.833191395,1.054,0.06,62603.83
1786629559.989,12,0.0225,0.14908986827473536,-1,0.15254657742186062,2314214.833191395,1.054,0.02,62603.83
1786629559.989,12,0.0225,0.1483216955735306,-1,0.15254657742186062,2314214.833191395,1.054,3.24,62603.83
1786629674.189,8,0.0225,0.4066840169495354,-1,0.41211536099308943,854931.759346969,1.24739,0.1,62603.83
1786629674.881,8,0.0225,0.40767153439946413,-1,0.41211536099308943,854931.759346969,1.24739,0.2,62603.83
1786632658.39,16,0.0225,0.05324033982244915,1,0.05351110307468409,8614258.665513504,0.553724,0.05,62603.83
1786632874.15,12,0.0225,0.1508800908683647,-1,0.15893596286361394,2314214.833191395,1.054,1.0,62603.83
1786633328.29,12,0.0225,0.15234481065068173,1,0.15893596286361394,2314214.833191395,1.054,0.07,62603.83
1786633329.219,12,0.0225,0.1535432125276783,1,0.15893596286361394,2314214.833191395,1.054,0.14,62603.83
1786633367.215,12,0.0225,0.15452371966154144,1,0.15893596286361394,2314214.833191395,1.054,0.2,62603.83
1786633367.248,12,0.0225,0.15532595043294162,1,0.15893596286361394,2314214.833191395,1.054,0.14,62603.83
1786633367.288,12,0.0225,0.1559823194989029,1,0.15893596286361394,2314214.833191395,1.054,0.06,62603.83
1786633367.352,12,0.0225,0.1565193476869248,1,0.15893596286361394,2314214.833191395,1.054,0.07,62603.83
1786633367.367,12,0.0225,0.1569587336848212,1,0.15893596286361394,2314214.833191395,1.054,1.53,62603.83
1786633731.495,12,0.0225,0.15688258978128047,-1,0.15653994332295645,2314214.833191395,1.054,1.0,62603.83
1786633863.418,8,0.0225,0.4099316365834296,-1,0.42010209279528105,854931.759346969,1.24739,1.0,62603.83
1786635446.341,12,0.0225,0.1558037949523492,-1,0.15094923106142227,2314214.833191395,1.054,0.01,62603.83
1786635450.372,12,0.0225,0.15492114540947674,-1,0.15094923106142227,2314214.833191395,1.054,0.09,62603.83
1786635450.434,12,0.0225,0.1541989781182691,-1,0.15094923106142227,2314214.833191395,1.054,0.1,62603.83
1786635450.488,12,0.0225,0.15360811431673826,-1,0.15094923106142227,2314214.833191395,1.054,0.05,62603.83
1786636702.026,16,0.0225,0.05256350295073384,-1,0.04951773717358826,8614258.665513504,0.553724,0.02,62603.83
1786637820.7,12,0.0225,0.15167254606572333,-1,0.14296249925923063,2314214.833191395,1.054,1.0,62603.83
1786638158.656,12,0.0225,0.15008889993536376,1,0.14296249925923063,2314214.833191395,1.054,3.67,62603.83
1786638337.014,16,0.0225,0.051719300716889974,1,0.04792039081314993,8614258.665513504,0.553724,0.14,62603.83
1786639156.645,8,0.0225,0.4030680104768868,-1,0.37218170198213113,854931.759346969,1.24739,1.75,62603.83
1786639362.671,12,0.0225,0.14559849508574899,-1,0.125391689294409,2314214.833191395,1.054,1.06,62603.83
1786639402.644,12,0.0225,0.14177931506250194,-1,0.12459301611418983,2314214.833191395,1.054,0.02,62603.83
1786639511.028,12,0.0225,0.13952581228924865,1,0.1293850551955048,2314214.833191395,1.054,0.04,62603.83
1786640504.217,12,0.0225,0.138117677688041,-1,0.13178107473616232,2314214.833191395,1.054,0.98,62603.83
1786640571.874,16,0.0225,0.050157309951444885,-1,0.04312835173183494,8614258.665513504,0.553724,1.5,62603.83
1786640759.773,12,0.0225,0.13696556772528323,-1,0.13178107473616232,2314214.833191395,1.054,3.67,62603.83
1786645049.355,8,0.0225,0.39745231692974176,1,0.37218170198213113,854931.759346969,1.24739,0.01,62603.83
1786647030.321,16,0.0225,0.04902453082911165,1,0.0439270249120541,8614258.665513504,0.553724,0.01,62603.83
1786652684.021,8,0.0225,0.39590713883573525,-1,0.3889538387667336,854931.759346969,1.24739,0.06,62603.83
1786652684.051,8,0.0225,0.39464290229475035,-1,0.3889538387667336,854931.759346969,1.24739,0.07,62603.83
1786652691.986,8,0.0225,0.3936085269975157,-1,0.3889538387667336,854931.759346969,1.24739,0.18,62603.83
1786652693.565,8,0.0225,0.3927622199726121,-1,0.3889538387667336,854931.759346969,1.24739,0.11,62603.83
1786655329.403,8,0.0225,0.39134372039733895,-1,0.3849604728656378,854931.759346969,1.24739,0.15,62603.83
1786655336.811,8,0.0225,0.390183129869232,-1,0.3849604728656378,854931.759346969,1.24739,0.26,62603.83
1786655336.924,8,0.0225,0.38923355582319336,-1,0.3849604728656378,854931.759346969,1.24739,0.01,62603.83
1786658929.681,16,0.0225,0.04838813817130144,1,0.04552437127249243,8614258.665513504,0.553724,0.5,62603.83
1786658930.382,16,0.0225,0.047867453273143394,1,0.04552437127249243,8614258.665513504,0.553724,0.21,62603.83
1786659173.747,16,0.0225,0.047441438358936557,1,0.04552437127249243,8614258.665513504,0.553724,0.03,62603.83
1786659178.524,16,0.0225,0.04709288070351033,1,0.04552437127249243,8614258.665513504,0.553724,0.1,62603.83
1786659178.558,16,0.0225,0.04680769716835845,1,0.04552437127249243,8614258.665513504,0.553724,0.2,62603.83
1786667263.237,8,0.0225,0.3881662049963645,-1,0.38336312650519944,854931.759346969,1.24739,0.04,62603.83
1786667263.256,8,0.0225,0.3872929179700299,-1,0.38336312650519944,854931.759346969,1.24739,0.07,62603.83
1786667263.321,8,0.0225,0.3865784104122655,-1,0.38336312650519944,854931.759346969,1.24739,0.07,62603.83
1786667263.341,8,0.0225,0.38599381332573246,-1,0.38336312650519944,854931.759346969,1.24739,0.08,62603.83
1786667264.0,8,0.0225,0.3855155066227082,-1,0.38336312650519944,854931.759346969,1.24739,0.27,62603.83
1786667268.559,8,0.0225,0.3851241647775501,-1,0.38336312650519944,854931.759346969,1.24739,0.5,62603.83
1786667880.731,8,0.0225,1.0289003746534515,-1,0.9392396599377386,854931.759346969,1.24739,1.0,62603.83
1786668741.391,12,0.0225,0.13718463913244747,1,0.13817046017791565,2314214.833191395,1.054,0.11,62603.83
1786669490.423,12,0.0225,0.13765430602498038,1,0.13976780653835397,2314214.833191395,1.054,0.03,62603.83
1786669553.629,12,0.0225,0.13803857890681837,1,0.13976780653835397,2314214.833191395,1.054,0.01,62603.83
1786669555.073,12,0.0225,0.138352983971719,1,0.13976780653835397,2314214.833191395,1.054,0.07,62603.83
1786670560.562,12,0.0225,0.1383197978238516,1,0.13817046017791565,2314214.833191395,1.054,0.03,62603.83
1786670561.301,12,0.0225,0.1382926455222211,1,0.13817046017791565,2314214.833191395,1.054,0.13,62603.83
1786673252.85,12,0.0225,0.13827043000348851,1,0.13817046017791565,2314214.833191395,1.054,3.67,62603.83
1786673944.59,12,0.0225,0.13810704035652713,-1,0.13737178699769648,2314214.833191395,1.054,1.95,62603.83
1786673944.596,12,0.0225,0.13797335792125945,-1,0.13737178699769648,2314214.833191395,1.054,1.72,62603.83
1786675934.017,8,0.0225,0.3853848292257945,1,0.3865578192260761,854931.759346969,1.24739,1.11,62603.83
1786675934.033,8,0.0225,0.3855981001369836,1,0.3865578192260761,854931.759346969,1.24739,0.64,62603.83
1786676360.954,12,0.0225,0.13771876807425235,-1,0.1365731138174773,2314214.833191395,1.054,0.06,62603.83
1786684001.973,16,0.0225,0.045848298653655646,-1,0.04153100537139661,8614258.665513504,0.553724,0.01,62603.83
1786685649.723,12,0.0225,0.13591312088208288,-1,0.1277877088350665,2314214.833191395,1.054,0.05,62603.83
1786688288.847,12,0.0225,0.1342905598892012,-1,0.12698903565484732,2314214.833191395,1.054,0.08,62603.83
1786688907.211,8,0.0225,0.38054491547933794,1,0.35780558473818613,854931.759346969,1.24739,0.5,62603.83
1786691938.215,8,0.0225,0.3748131453109536,-1,0.3490201797557753,854931.759346969,1.24739,0.11,62603.83
1786691938.325,8,0.0225,0.370123515185359,-1,0.3490201797557753,854931.759346969,1.24739,0.2,62603.83
1786694079.325,8,0.0225,0.3643987721112029,-1,0.3386374284129262,854931.759346969,1.24739,0.1,62603.83
1786695660.72,8,0.0225,1.0021430684761523,-1,0.8817351909619587,854931.759346969,1.24739,0.03,62603.83
1786696151.673,16,0.0225,0.04390162978451078,1,0.035141619929643285,8614258.665513504,0.553724,0.02,62603.83
1786696173.5,16,0.0225,0.04230890071313887,1,0.035141619929643285,8614258.665513504,0.553724,0.02,62603.83
1786696402.875,16,0.0225,0.04086054544191199,-1,0.03434294674942412,8614258.665513504,0.553724,0.02,62603.83
1786696402.875,16,0.0225,0.0396755274944113,-1,0.03434294674942412,8614258.665513504,0.553724,0.07,62603.83
1786700668.526,16,0.0225,0.03827032743916557,1,0.03194692720876662,8614258.665513504,0.553724,0.02,62603.83
1786701028.884,12,0.0225,0.12918746397625583,1,0.10622353296914902,2314214.833191395,1.054,0.07,62603.83
1786704208.94,8,0.0225,0.3568106253021976,1,0.32266396480854287,854931.759346969,1.24739,0.74,62603.83
1786704540.426,8,0.0225,0.3501665016404651,-1,0.3202679452678854,854931.759346969,1.24739,1.24,62603.83
1786705591.271,12,0.0225,0.12486699041193891,-1,0.10542485978892985,2314214.833191395,1.054,3.71,62603.83
1786705592.981,12,0.0225,0.12133205752070847,-1,0.10542485978892985,2314214.833191395,1.054,0.19,62603.83
1786709736.149,12,0.0225,0.11873026633176142,1,0.10702220614936818,2314214.833191395,1.054,0.35,62603.83
1786709736.188,12,0.0225,0.11660152809634906,1,0.10702220614936818,2314214.833191395,1.054,0.05,62603.83
1786709736.213,12,0.0225,0.11485983318322052,1,0.10702220614936818,2314214.833191395,1.054,0.08,62603.83
1786709736.301,12,0.0225,0.11343481007700046,1,0.10702220614936818,2314214.833191395,1.054,0.1,62603.83
1786710033.437,8,0.0225,0.34560168030402694,1,0.32505998434920036,854931.759346969,1.24739,1.68,62603.83
1786710303.105,12,0.0225,0.11241409539028678,1,0.10782087932958735,2314214.833191395,1.054,0.02,62603.83
1786710303.314,12,0.0225,0.11157896519384032,1,0.10782087932958735,2314214.833191395,1.054,0.16,62603.83
1786713209.241,16,0.0225,0.03741104491569833,1,0.03354427356920495,8614258.665513504,0.553724,0.01,62603.83
1786713884.151,8,0.0225,0.34128597326376264,1,0.3218652916283237,854931.759346969,1.24739,0.1,62603.83
1786716257.777,12,0.0225,0.11104089015848609,1,0.10861955250980651,2314214.833191395,1.054,0.09,62603.83
1786716258.204,12,0.0225,0.11060064694836767,1,0.10861955250980651,2314214.833191395,1.054,0.27,62603.83
1786716781.122,12,0.0225,0.11024044795868983,-1,0.10861955250980651,2314214.833191395,1.054,1.14,62603.83
1786716781.123,12,0.0225,0.10994573969468846,-1,0.10861955250980651,2314214.833191395,1.054,0.01,62603.83
