option_idx,K,T,Vpi,price,vega,iv_initial,delta_bid,delta_ask,delta_bid_over_price,iv_bid_over_iv0
0,8,1,-1e+07,2.05629,0.412252,0.162427,-0.00249842,0.00272889,-0.00121502,1.011
1,8,1.5,-1e+07,2.10839,0.466047,0.158853,-0.00282362,0.00318548,-0.00133923,1.00785
2,8,2,-1e+07,2.1619,0.473691,0.156554,-0.00287478,0.00324981,-0.00132975,1.00607
3,8,3,-1e+07,2.26692,0.455707,0.153904,-0.00275622,0.00309825,-0.00121585,1.00414
4,9,1,-1e+07,1.21607,0.909136,0.154678,-0.00569463,0.00678437,-0.00468281,1.01227
5,9,1.5,-1e+07,1.31708,0.833947,0.152782,-0.00525913,0.0061858,-0.00399303,1.00873
6,9,2,-1e+07,1.40697,0.7578,0.151696,-0.0047434,0.00557616,-0.00337135,1.00662
7,9,3,-1e+07,1.56406,0.645607,0.150509,-0.00401497,0.00466948,-0.00256703,1.00445
8,10,1,-1e+07,0.584842,1.24739,0.14673,-0.00750847,0.00945041,-0.0128385,1.01286
9,10,1.5,-1e+07,0.716429,1.05649,0.146826,-0.00652557,0.00795012,-0.00910847,1.00913
10,10,2,-1e+07,0.827685,0.921681,0.146968,-0.00573679,0.00688396,-0.00693112,1.00696
11,10,3,-1e+07,1.01428,0.752216,0.147184,-0.00470358,0.0055313,-0.00463738,1.00466
12,11,1,-1e+07,0.216056,1.054,0.139893,-0.00557757,0.00793044,-0.0258154,1.01201
13,11,1.5,-1e+07,0.331841,0.967756,0.141548,-0.00560243,0.00724914,-0.0168829,1.00901
14,11,2,-1e+07,0.435851,0.878186,0.142685,-0.00530196,0.00653834,-0.0121646,1.00705
15,11,3,-1e+07,0.617345,0.74383,0.144084,-0.00458508,0.00546387,-0.00742709,1.00476
16,12,1,-1e+07,0.0580433,0.553724,0.133691,-0.00213588,0.0039165,-0.0367981,1.00921
17,12,1.5,-1e+07,0.128299,0.656386,0.136693,-0.0034621,0.00475712,-0.0269847,1.00855
18,12,2,-1e+07,0.203702,0.673174,0.138682,-0.00381009,0.00489338,-0.0187043,1.00686
19,12,3,-1e+07,0.352176,0.639898,0.14112,-0.00385357,0.00462301,-0.0109422,1.00479
0,8,1,-9.48718e+06,2.05629,0.412252,0.162427,-0.00231469,0.0110153,-0.00112566,1.0102
1,8,1.5,-9.48718e+06,2.10839,0.466047,0.158853,-0.00258854,0.0122926,-0.00122773,1.0072
2,8,2,-9.48718e+06,2.1619,0.473691,0.156554,-0.00263229,0.0125006,-0.00121758,1.00556
3,8,3,-9.48718e+06,2.26692,0.455707,0.153904,-0.00253115,0.0120226,-0.00111656,1.00381
4,9,1,-9.48718e+06,1.21607,0.909136,0.154678,-0.00524622,0.0252569,-0.00431407,1.01131
5,9,1.5,-9.48718e+06,1.31708,0.833947,0.152782,-0.0048279,0.0234351,-0.00366562,1.00801
6,9,2,-9.48718e+06,1.40697,0.7578,0.151696,-0.00433239,0.0209415,-0.00307923,1.00605
7,9,3,-9.48718e+06,1.56406,0.645607,0.150509,-0.0037139,0.0177864,-0.00237453,1.00412
8,10,1,-9.48718e+06,0.584842,1.24739,0.14673,-0.00685239,0.0214743,-0.0117167,1.01174
9,10,1.5,-9.48718e+06,0.716429,1.05649,0.146826,-0.00593939,0.022647,-0.00829027,1.00831
10,10,2,-9.48718e+06,0.827685,0.921681,0.146968,-0.00527766,0.0242899,-0.00637641,1.0064
11,10,3,-9.48718e+06,1.01428,0.752216,0.147184,-0.00429809,0.020755,-0.00423759,1.00426
12,11,1,-9.48718e+06,0.216056,1.054,0.139893,-0.0049815,0.012124,-0.0230566,1.01073
13,11,1.5,-9.48718e+06,0.331841,0.967756,0.141548,-0.00510486,0.0140967,-0.0153835,1.00821
14,11,2,-9.48718e+06,0.435851,0.878186,0.142685,-0.00488583,0.0152788,-0.0112099,1.0065
15,11,3,-9.48718e+06,0.617345,0.74383,0.144084,-0.0041905,0.0183202,-0.00678794,1.00435
16,12,1,-9.48718e+06,0.0580433,0.553724,0.133691,-0.00181712,0.0050708,-0.0313062,1.00784
17,12,1.5,-9.48718e+06,0.128299,0.656386,0.136693,-0.00306104,0.00749845,-0.0238587,1.00756
18,12,2,-9.48718e+06,0.203702,0.673174,0.138682,-0.00348684,0.0088284,-0.0171174,1.00628
19,12,3,-9.48718e+06,0.352176,0.639898,0.14112,-0.00356352,0.0120734,-0.0101186,1.00443
0,8,1,-8.97436e+06,2.05629,0.412252,0.162427,-0.00213858,0.0107424,-0.00104002,1.00943
1,8,1.5,-8.97436e+06,2.10839,0.466047,0.158853,-0.00236327,0.0118712,-0.00112089,1.00657
2,8,2,-8.97436e+06,2.1619,0.473691,0.156554,-0.00239993,0.0120522,-0.00111011,1.00507
3,8,3,-8.97436e+06,2.26692,0.455707,0.153904,-0.00231543,0.011635,-0.0010214,1.00348
4,9,1,-8.97436e+06,1.21607,0.909136,0.154678,-0.00481697,0.0243895,-0.0039611,1.01038
5,9,1.5,-8.97436e+06,1.31708,0.833947,0.152782,-0.00436317,0.0223928,-0.00331277,1.00724
6,9,2,-8.97436e+06,1.40697,0.7578,0.151696,-0.00393906,0.0199798,-0.00279967,1.0055
7,9,3,-8.97436e+06,1.56406,0.645607,0.150509,-0.00341902,0.0172705,-0.00218599,1.00379
8,10,1,-8.97436e+06,0.584842,1.24739,0.14673,-0.006197,0.0332108,-0.010596,1.01062
9,10,1.5,-8.97436e+06,0.716429,1.05649,0.146826,-0.00536411,0.0288305,-0.00748729,1.00751
10,10,2,-8.97436e+06,0.827685,0.921681,0.146968,-0.00483524,0.0247483,-0.00584189,1.00586
11,10,3,-8.97436e+06,1.01428,0.752216,0.147184,-0.00391001,0.0198236,-0.00385498,1.00388
12,11,1,-8.97436e+06,0.216056,1.054,0.139893,-0.00438723,0.0163496,-0.020306,1.00946
13,11,1.5,-8.97436e+06,0.331841,0.967756,0.141548,-0.00460442,0.020494,-0.0138754,1.0074
14,11,2,-8.97436e+06,0.435851,0.878186,0.142685,-0.00437039,0.0240659,-0.0100272,1.00581
15,11,3,-8.97436e+06,0.617345,0.74383,0.144084,-0.00380806,0.0197162,-0.00616844,1.00395
16,12,1,-8.97436e+06,0.0580433,0.553724,0.133691,-0.00149688,0.00650406,-0.0257891,1.00647
17,12,1.5,-8.97436e+06,0.128299,0.656386,0.136693,-0.00264405,0.00958514,-0.0206085,1.00654
18,12,2,-8.97436e+06,0.203702,0.673174,0.138682,-0.00310485,0.012982,-0.0152422,1.00559
19,12,3,-8.97436e+06,0.352176,0.639898,0.14112,-0.00320745,0.0173649,-0.00910751,1.00399
0,8,1,-8.46154e+06,2.05629,0.412252,0.162427,-0.00195022,0.0105025,-0.000948417,1.0086
1,8,1.5,-8.46154e+06,2.10839,0.466047,0.158853,-0.00212849,0.0115123,-0.00100953,1.00592
2,8,2,-8.46154e+06,2.1619,0.473691,0.156554,-0.00215777,0.0116724,-0.000998092,1.00456
3,8,3,-8.46154e+06,2.26692,0.455707,0.153904,-0.00209062,0.0113026,-0.00092223,1.00314
4,9,1,-8.46154e+06,1.21607,0.909136,0.154678,-0.00426542,0.0236556,-0.00350754,1.0092
5,9,1.5,-8.46154e+06,1.31708,0.833947,0.152782,-0.00387948,0.0212342,-0.00294552,1.00644
6,9,2,-8.46154e+06,1.40697,0.7578,0.151696,-0.00352949,0.0191976,-0.00250857,1.00493
7,9,3,-8.46154e+06,1.56406,0.645607,0.150509,-0.00301412,0.0167697,-0.00192711,1.00334
8,10,1,-8.46154e+06,0.584842,1.24739,0.14673,-0.00546649,0.032892,-0.00934696,1.00936
9,10,1.5,-8.46154e+06,0.716429,1.05649,0.146826,-0.00476844,0.0274528,-0.00665585,1.00667
10,10,2,-8.46154e+06,0.827685,0.921681,0.146968,-0.00428681,0.0239688,-0.00517927,1.0052
11,10,3,-8.46154e+06,1.01428,0.752216,0.147184,-0.00350592,0.0190631,-0.00345657,1.00348
12,11,1,-8.46154e+06,0.216056,1.054,0.139893,-0.00373011,0.0205525,-0.0172646,1.00804
13,11,1.5,-8.46154e+06,0.331841,0.967756,0.141548,-0.00398009,0.0257784,-0.011994,1.0064
14,11,2,-8.46154e+06,0.435851,0.878186,0.142685,-0.0038384,0.0232936,-0.00880667,1.00511
15,11,3,-8.46154e+06,0.617345,0.74383,0.144084,-0.00341085,0.0189666,-0.00552503,1.00354
16,12,1,-8.46154e+06,0.0580433,0.553724,0.133691,-0.00116514,0.00721274,-0.0200736,1.00504
17,12,1.5,-8.46154e+06,0.128299,0.656386,0.136693,-0.00222564,0.0123688,-0.0173473,1.00551
18,12,2,-8.46154e+06,0.203702,0.673174,0.138682,-0.00265971,0.0172266,-0.0130569,1.00479
19,12,3,-8.46154e+06,0.352176,0.639898,0.14112,-0.00280376,0.0169048,-0.00796126,1.00349
0,8,1,-7.94872e+06,2.05629,0.412252,0.162427,-0.00167285,0.0102182,-0.000813528,1.00739
1,8,1.5,-7.94872e+06,2.10839,0.466047,0.158853,-0.00188795,0.0111761,-0.000895442,1.00526
2,8,2,-7.94872e+06,2.1619,0.473691,0.156554,-0.00190964,0.0113181,-0.000883317,1.00403
3,8,3,-7.94872e+06,2.26692,0.455707,0.153904,-0.00186031,0.0109895,-0.000820635,1.0028
4,9,1,-7.94872e+06,1.21607,0.909136,0.154678,-0.00369688,0.0222632,-0.00304002,1.00797
5,9,1.5,-7.94872e+06,1.31708,0.833947,0.152782,-0.00338413,0.0202331,-0.00256943,1.00562
6,9,2,-7.94872e+06,1.40697,0.7578,0.151696,-0.00311008,0.0184902,-0.00221047,1.00434
7,9,3,-7.94872e+06,1.56406,0.645607,0.150509,-0.00259951,0.0156142,-0.00166203,1.00288
8,10,1,-7.94872e+06,0.584842,1.24739,0.14673,-0.00464456,0.031646,-0.00794157,1.00796
9,10,1.5,-7.94872e+06,0.716429,1.05649,0.146826,-0.00414632,0.0262769,-0.00578748,1.0058
10,10,2,-7.94872e+06,0.827685,0.921681,0.146968,-0.00370254,0.0227431,-0.00447337,1.00449
11,10,3,-7.94872e+06,1.01428,0.752216,0.147184,-0.00309211,0.0183734,-0.00304859,1.00307
12,11,1,-7.94872e+06,0.216056,1.054,0.139893,-0.00303407,0.0247039,-0.014043,1.00654
13,11,1.5,-7.94872e+06,0.331841,0.967756,0.141548,-0.00335114,0.0248453,-0.0100986,1.00539
14,11,2,-7.94872e+06,0.435851,0.878186,0.142685,-0.00327783,0.0219586,-0.00752052,1.00436
15,11,3,-7.94872e+06,0.617345,0.74383,0.144084,-0.00299596,0.0182942,-0.00485298,1.00311
16,12,1,-7.94872e+06,0.0580433,0.553724,0.133691,-0.000784499,0.00800486,-0.0135157,1.0034
17,12,1.5,-7.94872e+06,0.128299,0.656386,0.136693,-0.0018044,0.0142582,-0.014064,1.00447
18,12,2,-7.94872e+06,0.203702,0.673174,0.138682,-0.00221974,0.0174092,-0.010897,1.004
19,12,3,-7.94872e+06,0.352176,0.639898,0.14112,-0.00237963,0.0158789,-0.00675694,1.00296
0,8,1,-7.4359e+06,2.05629,0.412252,0.162427,-0.00137199,0.00921549,-0.000667217,1.00607
1,8,1.5,-7.4359e+06,2.10839,0.466047,0.158853,-0.00159843,0.010865,-0.000758126,1.00445
2,8,2,-7.4359e+06,2.1619,0.473691,0.156554,-0.00162933,0.0109914,-0.000753657,1.00344
3,8,3,-7.4359e+06,2.26692,0.455707,0.153904,-0.0015561,0.0106985,-0.000686437,1.00234
4,9,1,-7.4359e+06,1.21607,0.909136,0.154678,-0.00308047,0.0210812,-0.00253313,1.00665
5,9,1.5,-7.4359e+06,1.31708,0.833947,0.152782,-0.00284716,0.0193628,-0.00216173,1.00473
6,9,2,-7.4359e+06,1.40697,0.7578,0.151696,-0.00258855,0.0178538,-0.0018398,1.00362
7,9,3,-7.4359e+06,1.56406,0.645607,0.150509,-0.00214979,0.0146794,-0.00137449,1.00238
8,10,1,-7.4359e+06,0.584842,1.24739,0.14673,-0.00384763,0.0302319,-0.00657892,1.00659
9,10,1.5,-7.4359e+06,0.716429,1.05649,0.146826,-0.00341536,0.0252379,-0.0047672,1.00478
10,10,2,-7.4359e+06,0.827685,0.921681,0.146968,-0.00308015,0.0214818,-0.0037214,1.00373
11,10,3,-7.4359e+06,1.01428,0.752216,0.147184,-0.00256619,0.0177516,-0.00253007,1.00254
12,11,1,-7.4359e+06,0.216056,1.054,0.139893,-0.00233804,0.0268689,-0.0108215,1.00504
13,11,1.5,-7.4359e+06,0.331841,0.967756,0.141548,-0.00273276,0.0239974,-0.00823515,1.0044
14,11,2,-7.4359e+06,0.435851,0.878186,0.142685,-0.00273425,0.0208338,-0.00627335,1.00364
15,11,3,-7.4359e+06,0.617345,0.74383,0.144084,-0.00246335,0.0176854,-0.00399023,1.00256
16,12,1,-7.4359e+06,0.0580433,0.553724,0.133691,-0.000394374,0.00891363,-0.00679448,1.00171
17,12,1.5,-7.4359e+06,0.128299,0.656386,0.136693,-0.00138338,0.0170122,-0.0107825,1.00343
18,12,2,-7.4359e+06,0.203702,0.673174,0.138682,-0.00178407,0.0167133,-0.00875824,1.00322
19,12,3,-7.4359e+06,0.352176,0.639898,0.14112,-0.00196278,0.0148982,-0.00557328,1.00244
0,8,1,-6.92308e+06,2.05629,0.412252,0.162427,-0.00111311,0.00842436,-0.000541319,1.00493
1,8,1.5,-6.92308e+06,2.10839,0.466047,0.158853,-0.00130162,0.010245,-0.000617351,1.00363
2,8,2,-6.92308e+06,2.1619,0.473691,0.156554,-0.00132733,0.0105395,-0.000613964,1.00281
3,8,3,-6.92308e+06,2.26692,0.455707,0.153904,-0.00126638,0.00986233,-0.000558638,1.00191
4,9,1,-6.92308e+06,1.21607,0.909136,0.154678,-0.00255064,0.0200152,-0.00209744,1.0055
5,9,1.5,-6.92308e+06,1.31708,0.833947,0.152782,-0.00235634,0.0185515,-0.00178907,1.00391
6,9,2,-6.92308e+06,1.40697,0.7578,0.151696,-0.00210969,0.0167029,-0.00149945,1.00295
7,9,3,-6.92308e+06,1.56406,0.645607,0.150509,-0.00176299,0.0138515,-0.00112719,1.00196
8,10,1,-6.92308e+06,0.584842,1.24739,0.14673,-0.00309388,0.0285279,-0.00529012,1.0053
9,10,1.5,-6.92308e+06,0.716429,1.05649,0.146826,-0.00275424,0.0239328,-0.0038444,1.00385
10,10,2,-6.92308e+06,0.827685,0.921681,0.146968,-0.00253822,0.0203582,-0.00306664,1.00308
11,10,3,-6.92308e+06,1.01428,0.752216,0.147184,-0.00209171,0.0165439,-0.00206227,1.00207
12,11,1,-6.92308e+06,0.216056,1.054,0.139893,-0.00164385,0.0257471,-0.00760846,1.00355
13,11,1.5,-6.92308e+06,0.331841,0.967756,0.141548,-0.00213329,0.0224863,-0.00642867,1.00343
14,11,2,-6.92308e+06,0.435851,0.878186,0.142685,-0.00221372,0.0198406,-0.00507907,1.00295
15,11,3,-6.92308e+06,0.617345,0.74383,0.144084,-0.00199395,0.0164935,-0.00322987,1.00207
16,12,1,-6.92308e+06,0.0580433,0.553724,0.133691,2.91171e-06,0.00998658,5.01644e-05,0.999987
17,12,1.5,-6.92308e+06,0.128299,0.656386,0.136693,-0.000961454,0.0159236,-0.00749387,1.00238
18,12,2,-6.92308e+06,0.203702,0.673174,0.138682,-0.00135924,0.0155578,-0.00667268,1.00245
19,12,3,-6.92308e+06,0.352176,0.639898,0.14112,-0.00157713,0.0140563,-0.00447825,1.00196
0,8,1,-6.41026e+06,2.05629,0.412252,0.162427,-0.000847792,0.00788831,-0.000412292,1.00376
1,8,1.5,-6.41026e+06,2.10839,0.466047,0.158853,-0.000997575,0.0093921,-0.000473144,1.00278
2,8,2,-6.41026e+06,2.1619,0.473691,0.156554,-0.00101798,0.00962732,-0.000470873,1.00215
3,8,3,-6.41026e+06,2.26692,0.455707,0.153904,-0.00096959,0.00908294,-0.000427713,1.00146
4,9,1,-6.41026e+06,1.21607,0.909136,0.154678,-0.00199188,0.0192308,-0.00163796,1.0043
5,9,1.5,-6.41026e+06,1.31708,0.833947,0.152782,-0.0018067,0.017657,-0.00137175,1.003
6,9,2,-6.41026e+06,1.40697,0.7578,0.151696,-0.00161918,0.0156943,-0.00115083,1.00226
7,9,3,-6.41026e+06,1.56406,0.645607,0.150509,-0.00136691,0.0132498,-0.000873954,1.00152
8,10,1,-6.41026e+06,0.584842,1.24739,0.14673,-0.00224504,0.0271546,-0.00383871,1.00385
9,10,1.5,-6.41026e+06,0.716429,1.05649,0.146826,-0.00207047,0.0225403,-0.00288999,1.0029
10,10,2,-6.41026e+06,0.827685,0.921681,0.146968,-0.00197154,0.0195209,-0.00238199,1.00239
11,10,3,-6.41026e+06,1.01428,0.752216,0.147184,-0.00160569,0.0155605,-0.00158309,1.00159
12,11,1,-6.41026e+06,0.216056,1.054,0.139893,-0.000931838,0.0247848,-0.00431295,1.00201
13,11,1.5,-6.41026e+06,0.331841,0.967756,0.141548,-0.00149452,0.0212793,-0.00450373,1.0024
14,11,2,-6.41026e+06,0.435851,0.878186,0.142685,-0.00161516,0.0190201,-0.00370577,1.00215
15,11,3,-6.41026e+06,0.617345,0.74383,0.144084,-0.00151076,0.0154923,-0.00244719,1.00157
16,12,1,-6.41026e+06,0.0580433,0.553724,0.133691,0.000415143,0.0112996,0.0071523,0.998192
17,12,1.5,-6.41026e+06,0.128299,0.656386,0.136693,-0.000539757,0.0149502,-0.00420704,1.00134
18,12,2,-6.41026e+06,0.203702,0.673174,0.138682,-0.000922449,0.0146462,-0.00452844,1.00166
19,12,3,-6.41026e+06,0.352176,0.639898,0.14112,-0.00117666,0.0133843,-0.00334111,1.00147
0,8,1,-5.89744e+06,2.05629,0.412252,0.162427,-0.000566869,0.00743145,-0.000275676,1.00252
1,8,1.5,-5.89744e+06,2.10839,0.466047,0.158853,-0.000675759,0.00871025,-0.000320509,1.00189
2,8,2,-5.89744e+06,2.1619,0.473691,0.156554,-0.000690563,0.00890623,-0.000319425,1.00146
3,8,3,-5.89744e+06,2.26692,0.455707,0.153904,-0.000655427,0.00845096,-0.000289127,1.00099
4,9,1,-5.89744e+06,1.21607,0.909136,0.154678,-0.00135189,0.0183339,-0.00111169,1.00292
5,9,1.5,-5.89744e+06,1.31708,0.833947,0.152782,-0.00122492,0.0165044,-0.000930033,1.00204
6,9,2,-5.89744e+06,1.40697,0.7578,0.151696,-0.00110007,0.0148394,-0.000781869,1.00154
7,9,3,-5.89744e+06,1.56406,0.645607,0.150509,-0.000948101,0.0127138,-0.000606181,1.00105
8,10,1,-5.89744e+06,0.584842,1.24739,0.14673,-0.00137435,0.026047,-0.00234996,1.00235
9,10,1.5,-5.89744e+06,0.716429,1.05649,0.146826,-0.00136237,0.0214174,-0.00190161,1.00191
10,10,2,-5.89744e+06,0.827685,0.921681,0.146968,-0.00132288,0.0187715,-0.00159829,1.0016
11,10,3,-5.89744e+06,1.01428,0.752216,0.147184,-0.00109133,0.0147245,-0.00107597,1.00108
12,11,1,-5.89744e+06,0.216056,1.054,0.139893,-0.000178944,0.0233296,-0.000828232,1.00039
13,11,1.5,-5.89744e+06,0.331841,0.967756,0.141548,-0.000795918,0.0202848,-0.0023985,1.00128
14,11,2,-5.89744e+06,0.435851,0.878186,0.142685,-0.00100277,0.0181905,-0.00230071,1.00133
15,11,3,-5.89744e+06,0.617345,0.74383,0.144084,-0.00100468,0.0146664,-0.00162742,1.00104
16,12,1,-5.89744e+06,0.0580433,0.553724,0.133691,0.000845537,0.0117734,0.0145673,0.996312
17,12,1.5,-5.89744e+06,0.128299,0.656386,0.136693,-8.23511e-05,0.0141506,-0.00064187,1.0002
18,12,2,-5.89744e+06,0.203702,0.673174,0.138682,-0.000470338,0.0138985,-0.00230896,1.00085
19,12,3,-5.89744e+06,0.352176,0.639898,0.14112,-0.000765938,0.012836,-0.00217487,1.00095
0,8,1,-5.38462e+06,2.05629,0.412252,0.162427,-0.000289347,0.00702194,-0.000140713,1.00129
1,8,1.5,-5.38462e+06,2.10839,0.466047,0.158853,-0.000357909,0.00812551,-0.000169754,1.001
2,8,2,-5.38462e+06,2.1619,0.473691,0.156554,-0.000367194,0.0082923,-0.000169848,1.00078
3,8,3,-5.38462e+06,2.26692,0.455707,0.153904,-0.000345122,0.00790386,-0.000152243,1.00052
4,9,1,-5.38462e+06,1.21607,0.909136,0.154678,-0.000719672,0.0170538,-0.000591801,1.00155
5,9,1.5,-5.38462e+06,1.31708,0.833947,0.152782,-0.000650257,0.0155078,-0.000493713,1.00108
6,9,2,-5.38462e+06,1.40697,0.7578,0.151696,-0.000587459,0.0140766,-0.000417534,1.00082
7,9,3,-5.38462e+06,1.56406,0.645607,0.150509,-0.000525861,0.012217,-0.000336216,1.00058
8,10,1,-5.38462e+06,0.584842,1.24739,0.14673,-0.000470299,0.0244107,-0.000804148,1.00081
9,10,1.5,-5.38462e+06,0.716429,1.05649,0.146826,-0.000605875,0.0204155,-0.000845688,1.00085
10,10,2,-5.38462e+06,0.827685,0.921681,0.146968,-0.00067595,0.0174205,-0.000816676,1.00082
11,10,3,-5.38462e+06,1.01428,0.752216,0.147184,-0.000583438,0.013977,-0.000575227,1.00058
12,11,1,-5.38462e+06,0.216056,1.054,0.139893,0.000607342,0.0220262,0.00281104,0.998688
13,11,1.5,-5.38462e+06,0.331841,0.967756,0.141548,-0.000118922,0.0194449,-0.00035837,1.00019
14,11,2,-5.38462e+06,0.435851,0.878186,0.142685,-0.000361103,0.0169423,-0.000828501,1.00048
15,11,3,-5.38462e+06,0.617345,0.74383,0.144084,-0.00049597,0.0139305,-0.000803392,1.00051
16,12,1,-5.38462e+06,0.0580433,0.553724,0.133691,0.00129903,0.0122647,0.0223804,0.994323
17,12,1.5,-5.38462e+06,0.128299,0.656386,0.136693,0.000395066,0.0134722,0.00307926,0.999019
18,12,2,-5.38462e+06,0.203702,0.673174,0.138682,-1.2752e-05,0.0132721,-6.26016e-05,1.00002
19,12,3,-5.38462e+06,0.352176,0.639898,0.14112,-0.000314191,0.0123354,-0.000892142,1.00039
0,8,1,-4.87179e+06,2.05629,0.412252,0.162427,1.93729e-05,0.00667438,9.42127e-06,0.999914
1,8,1.5,-4.87179e+06,2.10839,0.466047,0.158853,-4.35883e-06,0.00764476,-2.06737e-06,1.00001
2,8,2,-4.87179e+06,2.1619,0.473691,0.156554,-7.51357e-06,0.00779007,-3.47545e-06,1.00002
3,8,3,-4.87179e+06,2.26692,0.455707,0.153904,4.74621e-08,0.00745111,2.09369e-08,1
4,9,1,-4.87179e+06,1.21607,0.909136,0.154678,-1.61311e-05,0.0160223,-1.32649e-05,1.00003
5,9,1.5,-4.87179e+06,1.31708,0.833947,0.152782,-1.08914e-05,0.014684,-8.26937e-06,1.00002
6,9,2,-4.87179e+06,1.40697,0.7578,0.151696,-1.74496e-05,0.0134314,-1.24022e-05,1.00002
7,9,3,-4.87179e+06,1.56406,0.645607,0.150509,-3.9609e-05,0.0115266,-2.53245e-05,1.00004
8,10,1,-4.87179e+06,0.584842,1.24739,0.14673,0.000393879,0.0230098,0.000673479,0.999325
9,10,1.5,-4.87179e+06,0.716429,1.05649,0.146826,0.000162015,0.0193614,0.000226142,0.999773
10,10,2,-4.87179e+06,0.827685,0.921681,0.146968,2.62955e-05,0.0163335,3.17699e-05,0.999968
11,10,3,-4.87179e+06,1.01428,0.752216,0.147184,-1.87093e-05,0.0133438,-1.84459e-05,1.00002
12,11,1,-4.87179e+06,0.216056,1.054,0.139893,0.00143929,0.0209394,0.00666164,0.996889
13,11,1.5,-4.87179e+06,0.331841,0.967756,0.141548,0.00058992,0.0182926,0.00177772,0.99905
14,11,2,-4.87179e+06,0.435851,0.878186,0.142685,0.00024715,0.0159043,0.00056705,0.999671
15,11,3,-4.87179e+06,0.617345,0.74383,0.144084,4.27348e-05,0.0133004,6.92236e-05,0.999956
16,12,1,-4.87179e+06,0.0580433,0.553724,0.133691,0.00178183,0.0121039,0.0306983,0.992197
17,12,1.5,-4.87179e+06,0.128299,0.656386,0.136693,0.000899023,0.0128895,0.00700727,0.997766
18,12,2,-4.87179e+06,0.203702,0.673174,0.138682,0.000471829,0.0127234,0.00231628,0.999148
19,12,3,-4.87179e+06,0.352176,0.639898,0.14112,0.000124195,0.0118636,0.000352651,0.999845
0,8,1,-4.35897e+06,2.05629,0.412252,0.162427,0.000262801,0.00633981,0.000127803,0.99883
1,8,1.5,-4.35897e+06,2.10839,0.466047,0.158853,0.000274433,0.00719299,0.000130162,0.999233
2,8,2,-4.35897e+06,2.1619,0.473691,0.156554,0.000276109,0.00731983,0.000127716,0.999415
3,8,3,-4.35897e+06,2.26692,0.455707,0.153904,0.000272234,0.00702359,0.00012009,0.99959
4,9,1,-4.35897e+06,1.21607,0.909136,0.154678,0.000538991,0.0150672,0.000443224,0.998835
5,9,1.5,-4.35897e+06,1.31708,0.833947,0.152782,0.000493449,0.013907,0.000374655,0.99918
6,9,2,-4.35897e+06,1.40697,0.7578,0.151696,0.000425622,0.0128123,0.000302509,0.999405
7,9,3,-4.35897e+06,1.56406,0.645607,0.150509,0.000343595,0.010503,0.000219682,0.999619
8,10,1,-4.35897e+06,0.584842,1.24739,0.14673,0.00128569,0.0217771,0.00219836,0.997798
9,10,1.5,-4.35897e+06,0.716429,1.05649,0.146826,0.000876058,0.0179421,0.00122281,0.998774
10,10,2,-4.35897e+06,0.827685,0.921681,0.146968,0.000604632,0.0153409,0.000730509,0.999267
11,10,3,-4.35897e+06,1.01428,0.752216,0.147184,0.00042088,0.0127353,0.000414956,0.999583
12,11,1,-4.35897e+06,0.216056,1.054,0.139893,0.002284,0.0199994,0.0105714,0.995061
13,11,1.5,-4.35897e+06,0.331841,0.967756,0.141548,0.00132844,0.0170414,0.00400323,0.997861
14,11,2,-4.35897e+06,0.435851,0.878186,0.142685,0.000871475,0.0149968,0.00199948,0.99884
15,11,3,-4.35897e+06,0.617345,0.74383,0.144084,0.000499586,0.0127048,0.000809249,0.999481
16,12,1,-4.35897e+06,0.0580433,0.553724,0.133691,0.00226527,0.0116888,0.0390272,0.99006
17,12,1.5,-4.35897e+06,0.128299,0.656386,0.136693,0.00142021,0.0123798,0.0110696,0.996468
18,12,2,-4.35897e+06,0.203702,0.673174,0.138682,0.000976356,0.0122197,0.00479307,0.998235
19,12,3,-4.35897e+06,0.352176,0.639898,0.14112,0.000560932,0.0107972,0.00159276,0.999301
0,8,1,-3.84615e+06,2.05629,0.412252,0.162427,0.000591926,0.00610746,0.000287861,0.997361
1,8,1.5,-3.84615e+06,2.10839,0.466047,0.158853,0.000651449,0.00688466,0.000308979,0.998178
2,8,2,-3.84615e+06,2.1619,0.473691,0.156554,0.000659655,0.00699972,0.000305128,0.998603
3,8,3,-3.84615e+06,2.26692,0.455707,0.153904,0.000640315,0.00673081,0.000282461,0.999036
4,9,1,-3.84615e+06,1.21607,0.909136,0.154678,0.00127532,0.0144222,0.00104872,0.997243
5,9,1.5,-3.84615e+06,1.31708,0.833947,0.152782,0.00114552,0.0133754,0.000869746,0.998096
6,9,2,-3.84615e+06,1.40697,0.7578,0.151696,0.00102291,0.0119388,0.000727028,0.99857
7,9,3,-3.84615e+06,1.56406,0.645607,0.150509,0.00086144,0.0098498,0.000550773,0.999044
8,10,1,-3.84615e+06,0.584842,1.24739,0.14673,0.00234047,0.0205436,0.00400188,0.995991
9,10,1.5,-3.84615e+06,0.716429,1.05649,0.146826,0.00176734,0.0169102,0.00246687,0.997526
10,10,2,-3.84615e+06,0.827685,0.921681,0.146968,0.00135548,0.0146531,0.00163768,0.998356
11,10,3,-3.84615e+06,1.01428,0.752216,0.147184,0.00101431,0.0118312,0.00100003,0.998995
12,11,1,-3.84615e+06,0.216056,1.054,0.139893,0.00313615,0.0187446,0.0145155,0.993215
13,11,1.5,-3.84615e+06,0.331841,0.967756,0.141548,0.00211567,0.0160522,0.00637557,0.996593
14,11,2,-3.84615e+06,0.435851,0.878186,0.142685,0.00156924,0.0142697,0.00360039,0.997911
15,11,3,-3.84615e+06,0.617345,0.74383,0.144084,0.00109208,0.0117957,0.00176899,0.998866
16,12,1,-3.84615e+06,0.0580433,0.553724,0.133691,0.00265305,0.0113213,0.0457082,0.98834
17,12,1.5,-3.84615e+06,0.128299,0.656386,0.136693,0.0019892,0.0117979,0.0155044,0.995049
18,12,2,-3.84615e+06,0.203702,0.673174,0.138682,0.00154464,0.0112821,0.00758286,0.997207
19,12,3,-3.84615e+06,0.352176,0.639898,0.14112,0.00108761,0.0100159,0.00308825,0.998645
0,8,1,-3.33333e+06,2.05629,0.412252,0.162427,0.000941553,0.00582971,0.000457889,0.995795
1,8,1.5,-3.33333e+06,2.10839,0.466047,0.158853,0.00105212,0.0065211,0.000499014,0.997055
2,8,2,-3.33333e+06,2.1619,0.473691,0.156554,0.00106727,0.00662302,0.000493672,0.997739
3,8,3,-3.33333e+06,2.26692,0.455707,0.153904,0.00103148,0.00638465,0.000455014,0.998446
4,9,1,-3.33333e+06,1.21607,0.909136,0.154678,0.00201651,0.013484,0.00165821,0.995639
5,9,1.5,-3.33333e+06,1.31708,0.833947,0.152782,0.00183386,0.0121859,0.00139237,0.996951
6,9,2,-3.33333e+06,1.40697,0.7578,0.151696,0.00165654,0.0109103,0.00117738,0.997684
7,9,3,-3.33333e+06,1.56406,0.645607,0.150509,0.00141124,0.00911615,0.000902297,0.998434
8,10,1,-3.33333e+06,0.584842,1.24739,0.14673,0.00345304,0.0191312,0.00590424,0.994085
9,10,1.5,-3.33333e+06,0.716429,1.05649,0.146826,0.00265449,0.0159121,0.00370517,0.996285
10,10,2,-3.33333e+06,0.827685,0.921681,0.146968,0.00210776,0.0138139,0.00254658,0.997444
11,10,3,-3.33333e+06,1.01428,0.752216,0.147184,0.00164387,0.0108185,0.00162073,0.99837
12,11,1,-3.33333e+06,0.216056,1.054,0.139893,0.00403687,0.0174901,0.0186844,0.991263
13,11,1.5,-3.33333e+06,0.331841,0.967756,0.141548,0.00291894,0.0151689,0.00879622,0.995298
14,11,2,-3.33333e+06,0.435851,0.878186,0.142685,0.0023038,0.0135938,0.00528575,0.996933
15,11,3,-3.33333e+06,0.617345,0.74383,0.144084,0.00171938,0.0108175,0.00278511,0.998215
16,12,1,-3.33333e+06,0.0580433,0.553724,0.133691,0.00306599,0.0103712,0.0528225,0.986501
17,12,1.5,-3.33333e+06,0.128299,0.656386,0.136693,0.00259609,0.0107973,0.0202347,0.993532
18,12,2,-3.33333e+06,0.203702,0.673174,0.138682,0.00213547,0.0103928,0.0104833,0.996137
19,12,3,-3.33333e+06,0.352176,0.639898,0.14112,0.00164354,0.00932823,0.0046668,0.997952
0,8,1,-2.82051e+06,2.05629,0.412252,0.162427,0.00126048,0.005573,0.000612989,0.994364
1,8,1.5,-2.82051e+06,2.10839,0.466047,0.158853,0.00147245,0.00618934,0.000698373,0.995875
2,8,2,-2.82051e+06,2.1619,0.473691,0.156554,0.00149489,0.00627988,0.000691472,0.996831
3,8,3,-2.82051e+06,2.26692,0.455707,0.153904,0.00144181,0.00606799,0.000636023,0.997827
4,9,1,-2.82051e+06,1.21607,0.909136,0.154678,0.00279121,0.0122488,0.00229527,0.993961
5,9,1.5,-2.82051e+06,1.31708,0.833947,0.152782,0.00255377,0.0111348,0.00193897,0.995753
6,9,2,-2.82051e+06,1.40697,0.7578,0.151696,0.00231971,0.0100342,0.00164872,0.996757
7,9,3,-2.82051e+06,1.56406,0.645607,0.150509,0.00198735,0.00847456,0.00127064,0.997795
8,10,1,-2.82051e+06,0.584842,1.24739,0.14673,0.00447513,0.0177726,0.00765186,0.992335
9,10,1.5,-2.82051e+06,0.716429,1.05649,0.146826,0.00353465,0.0149556,0.00493371,0.995053
10,10,2,-2.82051e+06,0.827685,0.921681,0.146968,0.00289164,0.012529,0.00349365,0.996494
11,10,3,-2.82051e+06,1.01428,0.752216,0.147184,0.00230281,0.00995472,0.0022704,0.997717
12,11,1,-2.82051e+06,0.216056,1.054,0.139893,0.00500019,0.016403,0.0231431,0.989172
13,11,1.5,-2.82051e+06,0.331841,0.967756,0.141548,0.00374703,0.0143735,0.0112916,0.993963
14,11,2,-2.82051e+06,0.435851,0.878186,0.142685,0.00305746,0.0123305,0.0070149,0.995929
15,11,3,-2.82051e+06,0.617345,0.74383,0.144084,0.00237236,0.0099537,0.00384283,0.997537
16,12,1,-2.82051e+06,0.0580433,0.553724,0.133691,0.00350836,0.00954687,0.0604438,0.984525
17,12,1.5,-2.82051e+06,0.128299,0.656386,0.136693,0.0031684,0.00996497,0.0246955,0.9921
18,12,2,-2.82051e+06,0.203702,0.673174,0.138682,0.00275249,0.00963594,0.0135124,0.995018
19,12,3,-2.82051e+06,0.352176,0.639898,0.14112,0.00221664,0.00866209,0.00629413,0.997237
0,8,1,-2.30769e+06,2.05629,0.412252,0.162427,0.00151721,0.00510735,0.00073784,0.993208
1,8,1.5,-2.30769e+06,2.10839,0.466047,0.158853,0.00178848,0.00589027,0.000848264,0.994987
2,8,2,-2.30769e+06,2.1619,0.473691,0.156554,0.00182659,0.00597101,0.000844903,0.996127
3,8,3,-2.30769e+06,2.26692,0.455707,0.153904,0.00173676,0.00578198,0.000766132,0.997383
4,9,1,-2.30769e+06,1.21607,0.909136,0.154678,0.00356989,0.0112158,0.00293559,0.992273
5,9,1.5,-2.30769e+06,1.31708,0.833947,0.152782,0.00327798,0.0102459,0.00248883,0.994548
6,9,2,-2.30769e+06,1.40697,0.7578,0.151696,0.00298748,0.00928417,0.00212334,0.995823
7,9,3,-2.30769e+06,1.56406,0.645607,0.150509,0.00256833,0.00791485,0.0016421,0.997151
8,10,1,-2.30769e+06,0.584842,1.24739,0.14673,0.00551788,0.016581,0.00943483,0.990548
9,10,1.5,-2.30769e+06,0.716429,1.05649,0.146826,0.00442878,0.013546,0.00618175,0.993802
10,10,2,-2.30769e+06,0.827685,0.921681,0.146968,0.00368189,0.0114574,0.00444842,0.995536
11,10,3,-2.30769e+06,1.01428,0.752216,0.147184,0.00296638,0.00921458,0.00292463,0.99706
12,11,1,-2.30769e+06,0.216056,1.054,0.139893,0.00602625,0.0154423,0.0278921,0.986944
13,11,1.5,-2.30769e+06,0.331841,0.967756,0.141548,0.00463009,0.0130707,0.0139527,0.992539
14,11,2,-2.30769e+06,0.435851,0.878186,0.142685,0.0038304,0.0112746,0.00878831,0.994899
15,11,3,-2.30769e+06,0.617345,0.74383,0.144084,0.00303393,0.00921263,0.00491448,0.99685
16,12,1,-2.30769e+06,0.0580433,0.553724,0.133691,0.00398543,0.00886933,0.068663,0.982384
17,12,1.5,-2.30769e+06,0.128299,0.656386,0.136693,0.00365259,0.00924718,0.0284694,0.990886
18,12,2,-2.30769e+06,0.203702,0.673174,0.138682,0.00332496,0.00894332,0.0163227,0.99398
19,12,3,-2.30769e+06,0.352176,0.639898,0.14112,0.0028051,0.00807926,0.00796504,0.996502
0,8,1,-1.79487e+06,2.05629,0.412252,0.162427,0.00178023,0.00448766,0.000865751,0.992022
1,8,1.5,-1.79487e+06,2.10839,0.466047,0.158853,0.00209068,0.00524452,0.000991597,0.994136
2,8,2,-1.79487e+06,2.1619,0.473691,0.156554,0.00213434,0.00535139,0.000987253,0.995472
3,8,3,-1.79487e+06,2.26692,0.455707,0.153904,0.00203145,0.0050997,0.000896129,0.996938
4,9,1,-1.79487e+06,1.21607,0.909136,0.154678,0.00438555,0.0103655,0.00360632,0.990503
5,9,1.5,-1.79487e+06,1.31708,0.833947,0.152782,0.00403744,0.00950825,0.00306545,0.993283
6,9,2,-1.79487e+06,1.40697,0.7578,0.151696,0.00368861,0.0086565,0.00262166,0.994842
7,9,3,-1.79487e+06,1.56406,0.645607,0.150509,0.0030941,0.00743997,0.00197826,0.996567
8,10,1,-1.79487e+06,0.584842,1.24739,0.14673,0.00666985,0.0151147,0.0114045,0.988575
9,10,1.5,-1.79487e+06,0.716429,1.05649,0.146826,0.00539693,0.0123967,0.0075331,0.992447
10,10,2,-1.79487e+06,0.827685,0.921681,0.146968,0.00451713,0.0105749,0.00545754,0.994523
11,10,3,-1.79487e+06,1.01428,0.752216,0.147184,0.00366317,0.0085948,0.00361161,0.996369
12,11,1,-1.79487e+06,0.216056,1.054,0.139893,0.00687381,0.0143375,0.031815,0.985101
13,11,1.5,-1.79487e+06,0.331841,0.967756,0.141548,0.0055429,0.0119478,0.0167035,0.991066
14,11,2,-1.79487e+06,0.435851,0.878186,0.142685,0.00468142,0.0103937,0.0107409,0.993765
15,11,3,-1.79487e+06,0.617345,0.74383,0.144084,0.00371212,0.0085889,0.00601304,0.996145
16,12,1,-1.79487e+06,0.0580433,0.553724,0.133691,0.00451192,0.00829181,0.0777336,0.980012
17,12,1.5,-1.79487e+06,0.128299,0.656386,0.136693,0.00417011,0.00862982,0.0325032,0.989586
18,12,2,-1.79487e+06,0.203702,0.673174,0.138682,0.00383346,0.00833599,0.018819,0.993056
19,12,3,-1.79487e+06,0.352176,0.639898,0.14112,0.0032719,0.00757781,0.00929052,0.99592
0,8,1,-1.28205e+06,2.05629,0.412252,0.162427,0.00208038,0.00397881,0.00101172,0.990665
1,8,1.5,-1.28205e+06,2.10839,0.466047,0.158853,0.00243619,0.00464369,0.00115547,0.993163
2,8,2,-1.28205e+06,2.1619,0.473691,0.156554,0.00248627,0.00473752,0.00115004,0.994724
3,8,3,-1.28205e+06,2.26692,0.455707,0.153904,0.00236827,0.00451653,0.00104471,0.99643
4,9,1,-1.28205e+06,1.21607,0.909136,0.154678,0.0052269,0.00962472,0.00429819,0.988677
5,9,1.5,-1.28205e+06,1.31708,0.833947,0.152782,0.00476364,0.00886198,0.00361683,0.992074
6,9,2,-1.28205e+06,1.40697,0.7578,0.151696,0.00429157,0.00810311,0.00305021,0.993998
7,9,3,-1.28205e+06,1.56406,0.645607,0.150509,0.00358891,0.0068123,0.00229462,0.996018
8,10,1,-1.28205e+06,0.584842,1.24739,0.14673,0.00786757,0.0138149,0.0134525,0.986524
9,10,1.5,-1.28205e+06,0.716429,1.05649,0.146826,0.00639402,0.0114228,0.00892485,0.991051
10,10,2,-1.28205e+06,0.827685,0.921681,0.146968,0.00536314,0.00981016,0.00647969,0.993497
11,10,3,-1.28205e+06,1.01428,0.752216,0.147184,0.00425682,0.00804808,0.00419691,0.99578
12,11,1,-1.28205e+06,0.216056,1.054,0.139893,0.00780743,0.0130607,0.0361362,0.983069
13,11,1.5,-1.28205e+06,0.331841,0.967756,0.141548,0.0063382,0.0110033,0.0191001,0.989783
14,11,2,-1.28205e+06,0.435851,0.878186,0.142685,0.00539231,0.00964509,0.0123719,0.992818
15,11,3,-1.28205e+06,0.617345,0.74383,0.144084,0.00429384,0.00804249,0.00695533,0.995541
16,12,1,-1.28205e+06,0.0580433,0.553724,0.133691,0.00510751,0.00778705,0.0879949,0.977314
17,12,1.5,-1.28205e+06,0.128299,0.656386,0.136693,0.00474043,0.00806519,0.0369484,0.988152
18,12,2,-1.28205e+06,0.203702,0.673174,0.138682,0.00438,0.00780805,0.0215021,0.992063
19,12,3,-1.28205e+06,0.352176,0.639898,0.14112,0.00377776,0.00711498,0.0107269,0.995288
0,8,1,-769231,2.05629,0.412252,0.162427,0.00240194,0.00350418,0.0011681,0.989207
1,8,1.5,-769231,2.10839,0.466047,0.158853,0.00280721,0.00408738,0.00133145,0.992116
2,8,2,-769231,2.1619,0.473691,0.156554,0.00286429,0.00416963,0.0013249,0.993919
3,8,3,-769231,2.26692,0.455707,0.153904,0.00272982,0.00397588,0.0012042,0.995884
4,9,1,-769231,1.21607,0.909136,0.154678,0.00599491,0.00869896,0.00492973,0.987008
5,9,1.5,-769231,1.31708,0.833947,0.152782,0.00546514,0.00793133,0.00414945,0.990905
6,9,2,-769231,1.40697,0.7578,0.151696,0.00492547,0.0071496,0.00350075,0.993111
7,9,3,-769231,1.56406,0.645607,0.150509,0.00412258,0.00598734,0.00263583,0.995426
8,10,1,-769231,0.584842,1.24739,0.14673,0.00893692,0.0126435,0.0152809,0.984692
9,10,1.5,-769231,0.716429,1.05649,0.146826,0.0072917,0.010513,0.0101778,0.989795
10,10,2,-769231,0.827685,0.921681,0.146968,0.00614213,0.00891678,0.00742085,0.992553
11,10,3,-769231,1.01428,0.752216,0.147184,0.00488575,0.00709207,0.00481698,0.995157
12,11,1,-769231,0.216056,1.054,0.139893,0.00884002,0.0119623,0.0409155,0.98082
13,11,1.5,-769231,0.331841,0.967756,0.141548,0.00718132,0.0101643,0.0216409,0.988421
14,11,2,-769231,0.435851,0.878186,0.142685,0.00613261,0.008932,0.0140704,0.991831
15,11,3,-769231,0.617345,0.74383,0.144084,0.00491504,0.00714061,0.00796157,0.994896
16,12,1,-769231,0.0580433,0.553724,0.133691,0.00579144,0.00733624,0.0997779,0.974199
17,12,1.5,-769231,0.128299,0.656386,0.136693,0.00536964,0.00755926,0.0418526,0.986566
18,12,2,-769231,0.203702,0.673174,0.138682,0.00496397,0.00724266,0.0243688,0.991
19,12,3,-769231,0.352176,0.639898,0.14112,0.00430543,0.00626821,0.0122252,0.994629
0,8,1,-256410,2.05629,0.412252,0.162427,0.00272016,0.00308508,0.00132285,0.98776
1,8,1.5,-256410,2.10839,0.466047,0.158853,0.00317536,0.0035989,0.00150605,0.991076
2,8,2,-256410,2.1619,0.473691,0.156554,0.0032395,0.00367133,0.00149845,0.99312
3,8,3,-256410,2.26692,0.455707,0.153904,0.00308839,0.0035007,0.00136238,0.995342
4,9,1,-256410,1.21607,0.909136,0.154678,0.00676316,0.0076558,0.00556149,0.985337
5,9,1.5,-256410,1.31708,0.833947,0.152782,0.00616645,0.0069807,0.00468193,0.989736
6,9,2,-256410,1.40697,0.7578,0.151696,0.0055587,0.00629319,0.00395082,0.992225
7,9,3,-256410,1.56406,0.645607,0.150509,0.00465481,0.00527092,0.00297612,0.994835
8,10,1,-256410,0.584842,1.24739,0.14673,0.0100701,0.0114499,0.0172185,0.982751
9,10,1.5,-256410,0.716429,1.05649,0.146826,0.00821841,0.00932618,0.0114714,0.988498
10,10,2,-256410,0.827685,0.921681,0.146968,0.00692759,0.00784681,0.00836984,0.9916
11,10,3,-256410,1.01428,0.752216,0.147184,0.00551397,0.0062426,0.00543636,0.994534
12,11,1,-256410,0.216056,1.054,0.139893,0.00998796,0.0109971,0.0462287,0.978316
13,11,1.5,-256410,0.331841,0.967756,0.141548,0.00810597,0.00923011,0.0244273,0.986927
14,11,2,-256410,0.435851,0.878186,0.142685,0.00691075,0.00785519,0.0158557,0.990793
15,11,3,-256410,0.617345,0.74383,0.144084,0.00554474,0.00628474,0.00898158,0.994241
16,12,1,-256410,0.0580433,0.553724,0.133691,0.00654219,0.00692773,0.112712,0.970757
17,12,1.5,-256410,0.128299,0.656386,0.136693,0.00606432,0.00690387,0.0472672,0.984812
18,12,2,-256410,0.203702,0.673174,0.138682,0.00560743,0.00638249,0.0275277,0.989829
19,12,3,-256410,0.352176,0.639898,0.14112,0.00485518,0.00551645,0.0137862,0.993942
0,8,1,256410,2.05629,0.412252,0.162427,0.00306879,0.00273764,0.00149239,0.98617
1,8,1.5,256410,2.10839,0.466047,0.158853,0.00357996,0.00319561,0.00169796,0.989931
2,8,2,256410,2.1619,0.473691,0.156554,0.00365202,0.00326015,0.00168927,0.99224
3,8,3,256410,2.26692,0.455707,0.153904,0.00348227,0.00310812,0.00153613,0.994747
4,9,1,256410,1.21607,0.909136,0.154678,0.00761567,0.00680563,0.00626252,0.983482
5,9,1.5,256410,1.31708,0.833947,0.152782,0.00694412,0.0062052,0.00527237,0.988439
6,9,2,256410,1.40697,0.7578,0.151696,0.00626021,0.00559367,0.00444941,0.991242
7,9,3,256410,1.56406,0.645607,0.150509,0.00524328,0.00468418,0.00335236,0.994182
8,10,1,256410,0.584842,1.24739,0.14673,0.0113856,0.0101281,0.0194679,0.980498
9,10,1.5,256410,0.716429,1.05649,0.146826,0.00927523,0.00826734,0.0129465,0.987019
10,10,2,256410,0.827685,0.921681,0.146968,0.00780524,0.0069705,0.00943021,0.990536
11,10,3,256410,1.01428,0.752216,0.147184,0.00620988,0.00554867,0.00612248,0.993845
12,11,1,256410,0.216056,1.054,0.139893,0.0109563,0.0100453,0.0507107,0.976202
13,11,1.5,256410,0.331841,0.967756,0.141548,0.00917824,0.0081531,0.0276586,0.985194
14,11,2,256410,0.435851,0.878186,0.142685,0.00781122,0.00695061,0.0179217,0.989592
15,11,3,256410,0.617345,0.74383,0.144084,0.00625115,0.00557874,0.0101259,0.993507
16,12,1,256410,0.0580433,0.553724,0.133691,0.00691031,0.00655855,0.119054,0.96906
17,12,1.5,256410,0.128299,0.656386,0.136693,0.00686438,0.00609893,0.0535032,0.982787
18,12,2,256410,0.203702,0.673174,0.138682,0.00634679,0.00563995,0.0311573,0.988481
19,12,3,256410,0.352176,0.639898,0.14112,0.00548585,0.00488354,0.015577,0.993154
0,8,1,769231,2.05629,0.412252,0.162427,0.0034834,0.00241571,0.00169402,0.984272
1,8,1.5,769231,2.10839,0.466047,0.158853,0.0040631,0.00282312,0.0019271,0.988562
2,8,2,769231,2.1619,0.473691,0.156554,0.00414485,0.0028805,0.00191723,0.991188
3,8,3,769231,2.26692,0.455707,0.153904,0.00395227,0.00274532,0.00174346,0.994037
4,9,1,769231,1.21607,0.909136,0.154678,0.00864671,0.00602797,0.00711037,0.981235
5,9,1.5,769231,1.31708,0.833947,0.152782,0.00788375,0.00549533,0.00598579,0.986871
6,9,2,769231,1.40697,0.7578,0.151696,0.00710676,0.00495274,0.0050511,0.990057
7,9,3,769231,1.56406,0.645607,0.150509,0.00595156,0.00414553,0.00380521,0.993395
8,10,1,769231,0.584842,1.24739,0.14673,0.0125918,0.00898917,0.0215303,0.978432
9,10,1.5,769231,0.716429,1.05649,0.146826,0.0104726,0.0073335,0.0146178,0.985344
10,10,2,769231,0.827685,0.921681,0.146968,0.00886344,0.00617637,0.0107087,0.989253
11,10,3,769231,1.01428,0.752216,0.147184,0.00704959,0.00491281,0.00695037,0.993012
12,11,1,769231,0.216056,1.054,0.139893,0.0119158,0.00889016,0.0551516,0.974104
13,11,1.5,769231,0.331841,0.967756,0.141548,0.0101277,0.0072221,0.0305197,0.983659
14,11,2,769231,0.435851,0.878186,0.142685,0.00887965,0.00616872,0.0203731,0.988167
15,11,3,769231,0.617345,0.74383,0.144084,0.00709819,0.00494281,0.0114979,0.992627
16,12,1,769231,0.0580433,0.553724,0.133691,0.00731693,0.00582529,0.12606,0.967179
17,12,1.5,769231,0.128299,0.656386,0.136693,0.00753749,0.00540006,0.0587495,0.98108
18,12,2,769231,0.203702,0.673174,0.138682,0.0072004,0.00499221,0.0353478,0.986923
19,12,3,769231,0.352176,0.639898,0.14112,0.00623165,0.00433078,0.0176947,0.992221
0,8,1,1.28205e+06,2.05629,0.412252,0.162427,0.00395672,0.00209496,0.00192421,0.982098
1,8,1.5,1.28205e+06,2.10839,0.466047,0.158853,0.00461772,0.00245299,0.00219016,0.986987
2,8,2,1.28205e+06,2.1619,0.473691,0.156554,0.004711,0.00250339,0.0021791,0.989979
3,8,3,1.28205e+06,2.26692,0.455707,0.153904,0.00449131,0.00238465,0.00198124,0.993221
4,9,1,1.28205e+06,1.21607,0.909136,0.154678,0.00959178,0.00526156,0.00788751,0.979174
5,9,1.5,1.28205e+06,1.31708,0.833947,0.152782,0.00883316,0.0047953,0.00670665,0.985287
6,9,2,1.28205e+06,1.40697,0.7578,0.151696,0.00807837,0.00432019,0.00574166,0.988696
7,9,3,1.28205e+06,1.56406,0.645607,0.150509,0.00677355,0.00361303,0.00433076,0.992483
8,10,1,1.28205e+06,0.584842,1.24739,0.14673,0.0137594,0.00791495,0.0235268,0.976432
9,10,1.5,1.28205e+06,0.716429,1.05649,0.146826,0.0113804,0.00643398,0.015885,0.984073
10,10,2,1.28205e+06,0.827685,0.921681,0.146968,0.00977631,0.00539818,0.0118116,0.988147
11,10,3,1.28205e+06,1.01428,0.752216,0.147184,0.00802363,0.00428522,0.0079107,0.992047
12,11,1,1.28205e+06,0.216056,1.054,0.139893,0.0130075,0.00785295,0.0602045,0.971716
13,11,1.5,1.28205e+06,0.331841,0.967756,0.141548,0.0109632,0.00637679,0.0330375,0.982307
14,11,2,1.28205e+06,0.435851,0.878186,0.142685,0.00961269,0.00542499,0.022055,0.987189
15,11,3,1.28205e+06,0.617345,0.74383,0.144084,0.00801825,0.00432171,0.0129883,0.991671
16,12,1,1.28205e+06,0.0580433,0.553724,0.133691,0.00776558,0.00513671,0.133789,0.965095
17,12,1.5,1.28205e+06,0.128299,0.656386,0.136693,0.00804107,0.00476822,0.0626746,0.9798
18,12,2,1.28205e+06,0.203702,0.673174,0.138682,0.00778544,0.0044066,0.0382198,0.985853
19,12,3,1.28205e+06,0.352176,0.639898,0.14112,0.00707417,0.00380115,0.020087,0.991166
0,8,1,1.79487e+06,2.05629,0.412252,0.162427,0.00446255,0.00179292,0.0021702,0.979763
1,8,1.5,1.79487e+06,2.10839,0.466047,0.158853,0.00521475,0.00210527,0.00247333,0.985288
2,8,2,1.79487e+06,2.1619,0.473691,0.156554,0.00532096,0.0021492,0.00246125,0.988674
3,8,3,1.79487e+06,2.26692,0.455707,0.153904,0.00507083,0.00204568,0.00223688,0.992344
4,9,1,1.79487e+06,1.21607,0.909136,0.154678,0.0103298,0.00442542,0.00849444,0.977563
5,9,1.5,1.79487e+06,1.31708,0.833947,0.152782,0.00947719,0.00407459,0.00719563,0.984211
6,9,2,1.79487e+06,1.40697,0.7578,0.151696,0.00862998,0.00372294,0.00613372,0.987923
7,9,3,1.79487e+06,1.56406,0.645607,0.150509,0.00741978,0.00311496,0.00474393,0.991765
8,10,1,1.79487e+06,0.584842,1.24739,0.14673,0.0150504,0.00672609,0.0257341,0.974221
9,10,1.5,1.79487e+06,0.716429,1.05649,0.146826,0.012349,0.00544436,0.0172369,0.982718
10,10,2,1.79487e+06,0.827685,0.921681,0.146968,0.010538,0.00455799,0.0127319,0.987223
11,10,3,1.79487e+06,1.01428,0.752216,0.147184,0.00856859,0.00369728,0.00844799,0.991507
12,11,1,1.79487e+06,0.216056,1.054,0.139893,0.0142749,0.00691489,0.0660703,0.968939
13,11,1.5,1.79487e+06,0.331841,0.967756,0.141548,0.0119018,0.00557746,0.0358661,0.980788
14,11,2,1.79487e+06,0.435851,0.878186,0.142685,0.0103571,0.00471242,0.0237629,0.986195
15,11,3,1.79487e+06,0.617345,0.74383,0.144084,0.00856259,0.00373689,0.01387,0.991105
16,12,1,1.79487e+06,0.0580433,0.553724,0.133691,0.0082674,0.00453757,0.142435,0.962754
17,12,1.5,1.79487e+06,0.128299,0.656386,0.136693,0.0086028,0.00419512,0.0670529,0.97837
18,12,2,1.79487e+06,0.203702,0.673174,0.138682,0.00831061,0.00385746,0.0407979,0.984893
19,12,3,1.79487e+06,0.352176,0.639898,0.14112,0.00755665,0.00329389,0.021457,0.990562
0,8,1,2.30769e+06,2.05629,0.412252,0.162427,0.00507537,0.00152898,0.00246822,0.97692
1,8,1.5,2.30769e+06,2.10839,0.466047,0.158853,0.00587759,0.00180198,0.00278771,0.983397
2,8,2,2.30769e+06,2.1619,0.473691,0.156554,0.00595792,0.00184034,0.00275588,0.987309
3,8,3,2.30769e+06,2.26692,0.455707,0.153904,0.00576984,0.00174993,0.00254524,0.991286
4,9,1,2.30769e+06,1.21607,0.909136,0.154678,0.0111735,0.00360595,0.00918815,0.97572
5,9,1.5,2.30769e+06,1.31708,0.833947,0.152782,0.0102092,0.00331154,0.00775142,0.982988
6,9,2,2.30769e+06,1.40697,0.7578,0.151696,0.00925309,0.00301844,0.00657659,0.987049
7,9,3,2.30769e+06,1.56406,0.645607,0.150509,0.00789147,0.0025953,0.00504551,0.991241
8,10,1,2.30769e+06,0.584842,1.24739,0.14673,0.0165317,0.00556746,0.028267,0.971684
9,10,1.5,2.30769e+06,0.716429,1.05649,0.146826,0.0134892,0.00447084,0.0188283,0.981122
10,10,2,2.30769e+06,0.827685,0.921681,0.146968,0.0114136,0.00371865,0.0137897,0.986162
11,10,3,2.30769e+06,1.01428,0.752216,0.147184,0.0091839,0.00299715,0.00905464,0.990897
12,11,1,2.30769e+06,0.216056,1.054,0.139893,0.0154016,0.00606412,0.0712853,0.966467
13,11,1.5,2.30769e+06,0.331841,0.967756,0.141548,0.0130152,0.00467257,0.0392212,0.978985
14,11,2,2.30769e+06,0.435851,0.878186,0.142685,0.0112317,0.00386716,0.0257695,0.985027
15,11,3,2.30769e+06,0.617345,0.74383,0.144084,0.00918199,0.00306485,0.0148733,0.990461
16,12,1,2.30769e+06,0.0580433,0.553724,0.133691,0.0088412,0.00400841,0.152321,0.960062
17,12,1.5,2.30769e+06,0.128299,0.656386,0.136693,0.00921741,0.00367587,0.0718434,0.976802
18,12,2,2.30769e+06,0.203702,0.673174,0.138682,0.00891392,0.00334729,0.0437597,0.983788
19,12,3,2.30769e+06,0.352176,0.639898,0.14112,0.00805511,0.00283306,0.0228724,0.989938
0,8,1,2.82051e+06,2.05629,0.412252,0.162427,0.00556223,0.00127229,0.00270499,0.97465
1,8,1.5,2.82051e+06,2.10839,0.466047,0.158853,0.0061755,0.00149174,0.002929,0.982545
2,8,2,2.82051e+06,2.1619,0.473691,0.156554,0.00626558,0.00151452,0.00289819,0.986649
3,8,3,2.82051e+06,2.26692,0.455707,0.153904,0.00605477,0.00146064,0.00267093,0.990854
4,9,1,2.82051e+06,1.21607,0.909136,0.154678,0.0121994,0.00282669,0.0100318,0.973476
5,9,1.5,2.82051e+06,1.31708,0.833947,0.152782,0.0110926,0.00258675,0.00842213,0.981512
6,9,2,2.82051e+06,1.40697,0.7578,0.151696,0.00999873,0.0023501,0.00710655,0.986004
7,9,3,2.82051e+06,1.56406,0.645607,0.150509,0.0084483,0.00201377,0.00540153,0.990623
8,10,1,2.82051e+06,0.584842,1.24739,0.14673,0.0177152,0.00452189,0.0302906,0.969657
9,10,1.5,2.82051e+06,0.716429,1.05649,0.146826,0.0148865,0.00357506,0.0207787,0.979167
10,10,2,2.82051e+06,0.827685,0.921681,0.146968,0.0124776,0.00292757,0.0150752,0.984872
11,10,3,2.82051e+06,1.01428,0.752216,0.147184,0.00991973,0.00233302,0.00978011,0.990168
12,11,1,2.82051e+06,0.216056,1.054,0.139893,0.0163576,0.00504535,0.0757101,0.964367
13,11,1.5,2.82051e+06,0.331841,0.967756,0.141548,0.0143376,0.0037858,0.0432062,0.976842
14,11,2,2.82051e+06,0.435851,0.878186,0.142685,0.0122788,0.00309216,0.028172,0.983629
15,11,3,2.82051e+06,0.617345,0.74383,0.144084,0.0099184,0.00240233,0.0160662,0.989696
16,12,1,2.82051e+06,0.0580433,0.553724,0.133691,0.00951349,0.00352944,0.163903,0.956889
17,12,1.5,2.82051e+06,0.128299,0.656386,0.136693,0.00993074,0.0031898,0.0774033,0.974979
18,12,2,2.82051e+06,0.203702,0.673174,0.138682,0.00960284,0.00278161,0.0471417,0.982526
19,12,3,2.82051e+06,0.352176,0.639898,0.14112,0.00863413,0.00224306,0.0245165,0.989213
0,8,1,3.33333e+06,2.05629,0.412252,0.162427,0.00581733,0.000957341,0.00282904,0.973456
1,8,1.5,3.33333e+06,2.10839,0.466047,0.158853,0.00650501,0.00107022,0.00308529,0.981602
2,8,2,3.33333e+06,2.1619,0.473691,0.156554,0.00660636,0.00108568,0.00305582,0.985918
3,8,3,3.33333e+06,2.26692,0.455707,0.153904,0.0063693,0.00104915,0.00280968,0.990378
4,9,1,3.33333e+06,1.21607,0.909136,0.154678,0.0134215,0.00204993,0.0110368,0.9708
5,9,1.5,3.33333e+06,1.31708,0.833947,0.152782,0.0121331,0.00186491,0.00921212,0.979772
6,9,2,3.33333e+06,1.40697,0.7578,0.151696,0.0108666,0.00168513,0.00772337,0.984787
7,9,3,3.33333e+06,1.56406,0.645607,0.150509,0.00908445,0.00143607,0.00580826,0.989916
8,10,1,3.33333e+06,0.584842,1.24739,0.14673,0.0190658,0.00350376,0.0326,0.967344
9,10,1.5,3.33333e+06,0.716429,1.05649,0.146826,0.0158662,0.00269311,0.0221463,0.977796
10,10,2,3.33333e+06,0.827685,0.921681,0.146968,0.013749,0.00214173,0.0166114,0.98333
11,10,3,3.33333e+06,1.01428,0.752216,0.147184,0.0107754,0.00167228,0.0106237,0.989319
12,11,1,3.33333e+06,0.216056,1.054,0.139893,0.0174379,0.00407909,0.08071,0.961991
13,11,1.5,3.33333e+06,0.331841,0.967756,0.141548,0.015131,0.00295563,0.0455973,0.975555
14,11,2,3.33333e+06,0.435851,0.878186,0.142685,0.0135316,0.00233718,0.0310464,0.981955
15,11,3,3.33333e+06,0.617345,0.74383,0.144084,0.0107747,0.00174775,0.0174534,0.988806
16,12,1,3.33333e+06,0.0580433,0.553724,0.133691,0.0103298,0.00308555,0.177967,0.953008
17,12,1.5,3.33333e+06,0.128299,0.656386,0.136693,0.0107565,0.00262468,0.0838395,0.972863
18,12,2,3.33333e+06,0.203702,0.673174,0.138682,0.0103562,0.00216264,0.05084,0.981143
19,12,3,3.33333e+06,0.352176,0.639898,0.14112,0.00929621,0.00166881,0.0263965,0.988383
0,8,1,3.84615e+06,2.05629,0.412252,0.162427,0.00609496,0.000607712,0.00296406,0.972154
1,8,1.5,3.84615e+06,2.10839,0.466047,0.158853,0.00686818,0.000669535,0.00325754,0.980561
2,8,2,3.84615e+06,2.1619,0.473691,0.156554,0.00698263,0.000678054,0.00322986,0.985109
3,8,3,3.84615e+06,2.26692,0.455707,0.153904,0.00671514,0.000657972,0.00296223,0.989853
4,9,1,3.84615e+06,1.21607,0.909136,0.154678,0.0143879,0.00130883,0.0118314,0.968682
5,9,1.5,3.84615e+06,1.31708,0.833947,0.152782,0.013347,0.00117663,0.0101338,0.977741
6,9,2,3.84615e+06,1.40697,0.7578,0.151696,0.0118903,0.00105154,0.00845099,0.983351
7,9,3,3.84615e+06,1.56406,0.645607,0.150509,0.00981574,0.000886269,0.00627582,0.989104
8,10,1,3.84615e+06,0.584842,1.24739,0.14673,0.0204759,0.00238957,0.0350111,0.964929
9,10,1.5,3.84615e+06,0.716429,1.05649,0.146826,0.0168636,0.00180936,0.0235384,0.9764
10,10,2,3.84615e+06,0.827685,0.921681,0.146968,0.014618,0.00138937,0.0176613,0.982277
11,10,3,3.84615e+06,1.01428,0.752216,0.147184,0.0117835,0.00104275,0.0116176,0.98832
12,11,1,3.84615e+06,0.216056,1.054,0.139893,0.0186831,0.00317588,0.0864734,0.959249
13,11,1.5,3.84615e+06,0.331841,0.967756,0.141548,0.0160111,0.00215149,0.0482495,0.974128
14,11,2,3.84615e+06,0.435851,0.878186,0.142685,0.0142392,0.0016017,0.0326698,0.98101
15,11,3,3.84615e+06,0.617345,0.74383,0.144084,0.0117493,0.00112023,0.0190321,0.987792
16,12,1,3.84615e+06,0.0580433,0.553724,0.133691,0.0113054,0.00267138,0.194775,0.948326
17,12,1.5,3.84615e+06,0.128299,0.656386,0.136693,0.0117475,0.00201583,0.0915639,0.970316
18,12,2,3.84615e+06,0.203702,0.673174,0.138682,0.0112394,0.00157096,0.0551758,0.97952
19,12,3,3.84615e+06,0.352176,0.639898,0.14112,0.00998324,0.00111222,0.0283473,0.987521
0,8,1,4.35897e+06,2.05629,0.412252,0.162427,0.00632863,0.000276671,0.00307769,0.971055
1,8,1.5,4.35897e+06,2.10839,0.466047,0.158853,0.00717805,0.00029032,0.00340451,0.979672
2,8,2,4.35897e+06,2.1619,0.473691,0.156554,0.00730431,0.000292271,0.00337866,0.984418
3,8,3,4.35897e+06,2.26692,0.455707,0.153904,0.00700943,0.000287744,0.00309205,0.989407
4,9,1,4.35897e+06,1.21607,0.909136,0.154678,0.0150358,0.000570636,0.0123643,0.96726
5,9,1.5,4.35897e+06,1.31708,0.833947,0.152782,0.0138813,0.000522194,0.0105395,0.976847
6,9,2,4.35897e+06,1.40697,0.7578,0.151696,0.0127916,0.000450808,0.00909156,0.982086
7,9,3,4.35897e+06,1.56406,0.645607,0.150509,0.0104706,0.000365424,0.00669452,0.988376
8,10,1,4.35897e+06,0.584842,1.24739,0.14673,0.0217306,0.0013317,0.0371564,0.962781
9,10,1.5,4.35897e+06,0.716429,1.05649,0.146826,0.0178927,0.000914415,0.0249749,0.97496
10,10,2,4.35897e+06,0.827685,0.921681,0.146968,0.0153077,0.000637073,0.0184945,0.981441
11,10,3,4.35897e+06,1.01428,0.752216,0.147184,0.012714,0.000445903,0.012535,0.987398
12,11,1,4.35897e+06,0.216056,1.054,0.139893,0.0199606,0.00232155,0.0923866,0.956432
13,11,1.5,4.35897e+06,0.331841,0.967756,0.141548,0.0169936,0.00136515,0.0512102,0.972533
14,11,2,4.35897e+06,0.435851,0.878186,0.142685,0.0149629,0.000901948,0.0343303,0.980042
15,11,3,4.35897e+06,0.617345,0.74383,0.144084,0.0126841,0.000524838,0.0205461,0.98682
16,12,1,4.35897e+06,0.0580433,0.553724,0.133691,0.0116715,0.00228254,0.201082,0.946557
17,12,1.5,4.35897e+06,0.128299,0.656386,0.136693,0.0123586,0.00144525,0.0963269,0.968741
18,12,2,4.35897e+06,0.203702,0.673174,0.138682,0.0121993,0.00100114,0.0598883,0.977754
19,12,3,4.35897e+06,0.352176,0.639898,0.14112,0.0107597,0.00058383,0.030552,0.986547
0,8,1,4.87179e+06,2.05629,0.412252,0.162427,0.00665948,3.05028e-05,0.00323859,0.969495
1,8,1.5,4.87179e+06,2.10839,0.466047,0.158853,0.00762442,8.38744e-06,0.00361622,0.978389
2,8,2,4.87179e+06,2.1619,0.473691,0.156554,0.00776887,5.45359e-06,0.00359355,0.983418
3,8,3,4.87179e+06,2.26692,0.455707,0.153904,0.00743191,1.24917e-05,0.00327842,0.988766
4,9,1,4.87179e+06,1.21607,0.909136,0.154678,0.015979,9.24136e-06,0.0131399,0.965188
5,9,1.5,4.87179e+06,1.31708,0.833947,0.152782,0.0146491,1.21632e-05,0.0111224,0.975561
6,9,2,4.87179e+06,1.40697,0.7578,0.151696,0.0134038,3.09623e-06,0.0095267,0.981227
7,9,3,4.87179e+06,1.56406,0.645607,0.150509,0.0114785,-2.20844e-05,0.00733894,0.987256
8,10,1,4.87179e+06,0.584842,1.24739,0.14673,0.0229505,0.000432921,0.0392423,0.960691
9,10,1.5,4.87179e+06,0.716429,1.05649,0.146826,0.0192933,0.000193738,0.0269299,0.973
10,10,2,4.87179e+06,0.827685,0.921681,0.146968,0.0162881,5.25254e-05,0.019679,0.980252
11,10,3,4.87179e+06,1.01428,0.752216,0.147184,0.0133167,1.63537e-06,0.0131292,0.986801
12,11,1,4.87179e+06,0.216056,1.054,0.139893,0.0208937,0.00147744,0.0967052,0.954372
13,11,1.5,4.87179e+06,0.331841,0.967756,0.141548,0.0182299,0.000622549,0.0549359,0.970526
14,11,2,4.87179e+06,0.435851,0.878186,0.142685,0.0158607,0.000274488,0.0363902,0.978842
15,11,3,4.87179e+06,0.617345,0.74383,0.144084,0.0132734,6.33344e-05,0.0215007,0.986207
16,12,1,4.87179e+06,0.0580433,0.553724,0.133691,0.0120842,0.00180434,0.208193,0.944555
17,12,1.5,4.87179e+06,0.128299,0.656386,0.136693,0.0128649,0.00092211,0.100273,0.967434
18,12,2,4.87179e+06,0.203702,0.673174,0.138682,0.0126991,0.00049413,0.0623418,0.976833
19,12,3,4.87179e+06,0.352176,0.639898,0.14112,0.0118105,0.000143397,0.0335358,0.985228
0,8,1,5.38462e+06,2.05629,0.412252,0.162427,0.00700443,-0.00027653,0.00340634,0.967863
1,8,1.5,5.38462e+06,2.10839,0.466047,0.158853,0.00810097,-0.000343231,0.00384225,0.977017
2,8,2,5.38462e+06,2.1619,0.473691,0.156554,0.00826662,-0.000352261,0.00382378,0.982346
3,8,3,5.38462e+06,2.26692,0.455707,0.153904,0.00788082,-0.000330792,0.00347645,0.988085
4,9,1,5.38462e+06,1.21607,0.909136,0.154678,0.0170008,-0.000690471,0.0139801,0.962942
5,9,1.5,5.38462e+06,1.31708,0.833947,0.152782,0.0154659,-0.000623717,0.0117426,0.974193
6,9,2,5.38462e+06,1.40697,0.7578,0.151696,0.014044,-0.00056379,0.00998173,0.980328
7,9,3,5.38462e+06,1.56406,0.645607,0.150509,0.0121954,-0.000505668,0.0077973,0.986459
8,10,1,5.38462e+06,0.584842,1.24739,0.14673,0.0243384,-0.000432848,0.0416153,0.958315
9,10,1.5,5.38462e+06,0.716429,1.05649,0.146826,0.0203714,-0.000573199,0.0284346,0.971492
10,10,2,5.38462e+06,0.827685,0.921681,0.146968,0.0173644,-0.000646623,0.0209794,0.978947
11,10,3,5.38462e+06,1.01428,0.752216,0.147184,0.0139451,-0.000559988,0.0137488,0.986178
12,11,1,5.38462e+06,0.216056,1.054,0.139893,0.0219723,0.000643486,0.101698,0.951988
13,11,1.5,5.38462e+06,0.331841,0.967756,0.141548,0.019408,-8.84809e-05,0.0584859,0.968612
14,11,2,5.38462e+06,0.435851,0.878186,0.142685,0.0168883,-0.000334776,0.0387479,0.977468
15,11,3,5.38462e+06,0.617345,0.74383,0.144084,0.0138986,-0.000473299,0.0225136,0.985557
16,12,1,5.38462e+06,0.0580433,0.553724,0.133691,0.0122447,0.00132012,0.210958,0.943773
17,12,1.5,5.38462e+06,0.128299,0.656386,0.136693,0.0134438,0.000416973,0.104785,0.965936
18,12,2,5.38462e+06,0.203702,0.673174,0.138682,0.0132451,8.13633e-06,0.0650219,0.975826
19,12,3,5.38462e+06,0.352176,0.639898,0.14112,0.0123129,-0.000295305,0.0349622,0.984597
0,8,1,5.89744e+06,2.05629,0.412252,0.162427,0.00741032,-0.000553813,0.00360374,0.965935
1,8,1.5,5.89744e+06,2.10839,0.466047,0.158853,0.00867954,-0.000660804,0.00411666,0.975348
2,8,2,5.89744e+06,2.1619,0.473691,0.156554,0.00887389,-0.000675349,0.00410468,0.981036
3,8,3,5.89744e+06,2.26692,0.455707,0.153904,0.00842233,-0.000640827,0.00371532,0.987262
4,9,1,5.89744e+06,1.21607,0.909136,0.154678,0.0182659,-0.00132215,0.0150204,0.960157
5,9,1.5,5.89744e+06,1.31708,0.833947,0.152782,0.0164522,-0.00119789,0.0124915,0.972539
6,9,2,5.89744e+06,1.40697,0.7578,0.151696,0.0148,-0.00107595,0.010519,0.979266
7,9,3,5.89744e+06,1.56406,0.645607,0.150509,0.0126885,-0.000928654,0.00811257,0.985911
8,10,1,5.89744e+06,0.584842,1.24739,0.14673,0.025993,-0.00133438,0.0444445,0.955481
9,10,1.5,5.89744e+06,0.716429,1.05649,0.146826,0.0213673,-0.00132954,0.0298247,0.970098
10,10,2,5.89744e+06,0.827685,0.921681,0.146968,0.0186999,-0.00129275,0.0225931,0.977328
11,10,3,5.89744e+06,1.01428,0.752216,0.147184,0.0146859,-0.00106743,0.0144792,0.985444
12,11,1,5.89744e+06,0.216056,1.054,0.139893,0.0232643,-0.000144221,0.107677,0.949128
13,11,1.5,5.89744e+06,0.331841,0.967756,0.141548,0.0202433,-0.00076576,0.0610032,0.967254
14,11,2,5.89744e+06,0.435851,0.878186,0.142685,0.0181272,-0.00097439,0.0415902,0.97581
15,11,3,5.89744e+06,0.617345,0.74383,0.144084,0.0146289,-0.000981188,0.0236965,0.984797
16,12,1,5.89744e+06,0.0580433,0.553724,0.133691,0.0117578,0.000865496,0.202569,0.946139
17,12,1.5,5.89744e+06,0.128299,0.656386,0.136693,0.014117,-6.1228e-05,0.110032,0.964191
18,12,2,5.89744e+06,0.203702,0.673174,0.138682,0.0138675,-0.000450003,0.0680777,0.974677
19,12,3,5.89744e+06,0.352176,0.639898,0.14112,0.0128116,-0.00074692,0.0363784,0.98397
0,8,1,6.41026e+06,2.05629,0.412252,0.162427,0.00786683,-0.000834374,0.00382574,0.963758
1,8,1.5,6.41026e+06,2.10839,0.466047,0.158853,0.00935921,-0.000982201,0.00443902,0.973381
2,8,2,6.41026e+06,2.1619,0.473691,0.156554,0.00959239,-0.00100234,0.00443703,0.979484
3,8,3,6.41026e+06,2.26692,0.455707,0.153904,0.00905263,-0.000954582,0.00399337,0.986304
4,9,1,6.41026e+06,1.21607,0.909136,0.154678,0.0191984,-0.0019613,0.0157873,0.958101
5,9,1.5,6.41026e+06,1.31708,0.833947,0.152782,0.0176017,-0.00177891,0.0133642,0.970611
6,9,2,6.41026e+06,1.40697,0.7578,0.151696,0.015654,-0.00159438,0.011126,0.978067
7,9,3,6.41026e+06,1.56406,0.645607,0.150509,0.013225,-0.00134689,0.00845561,0.985315
8,10,1,6.41026e+06,0.584842,1.24739,0.14673,0.0271009,-0.00220396,0.0463389,0.953584
9,10,1.5,6.41026e+06,0.716429,1.05649,0.146826,0.022486,-0.00203679,0.0313862,0.968533
10,10,2,6.41026e+06,0.827685,0.921681,0.146968,0.0194866,-0.00194058,0.0235435,0.976375
11,10,3,6.41026e+06,1.01428,0.752216,0.147184,0.0155211,-0.00158111,0.0153026,0.984616
12,11,1,6.41026e+06,0.216056,1.054,0.139893,0.0247449,-0.000898051,0.11453,0.945845
13,11,1.5,6.41026e+06,0.331841,0.967756,0.141548,0.0212314,-0.00146267,0.0639807,0.965647
14,11,2,6.41026e+06,0.435851,0.878186,0.142685,0.0189877,-0.00158612,0.0435647,0.974659
15,11,3,6.41026e+06,0.617345,0.74383,0.144084,0.0154529,-0.00148663,0.0250312,0.98394
16,12,1,6.41026e+06,0.0580433,0.553724,0.133691,0.0112876,0.000434331,0.194469,0.948412
17,12,1.5,6.41026e+06,0.128299,0.656386,0.136693,0.0149116,-0.000519282,0.116226,0.962126
18,12,2,6.41026e+06,0.203702,0.673174,0.138682,0.0146099,-0.000901988,0.0717222,0.973305
19,12,3,6.41026e+06,0.352176,0.639898,0.14112,0.0133578,-0.00115715,0.0379294,0.983284
0,8,1,6.92308e+06,2.05629,0.412252,0.162427,0.00839628,-0.00110163,0.00408322,0.96122
1,8,1.5,6.92308e+06,2.10839,0.466047,0.158853,0.0101986,-0.00128846,0.00483713,0.970946
2,8,2,6.92308e+06,2.1619,0.473691,0.156554,0.0104895,-0.00131394,0.00485198,0.977543
3,8,3,6.92308e+06,2.26692,0.455707,0.153904,0.00982028,-0.00125354,0.004332,0.985137
4,9,1,6.92308e+06,1.21607,0.909136,0.154678,0.0199753,-0.00252716,0.0164261,0.956387
5,9,1.5,6.92308e+06,1.31708,0.833947,0.152782,0.0185207,-0.00233255,0.014062,0.969069
6,9,2,6.92308e+06,1.40697,0.7578,0.151696,0.0166499,-0.00208846,0.0118338,0.976668
7,9,3,6.92308e+06,1.56406,0.645607,0.150509,0.0138207,-0.00174584,0.00883646,0.984653
8,10,1,6.92308e+06,0.584842,1.24739,0.14673,0.0284607,-0.00305514,0.0486639,0.951255
9,10,1.5,6.92308e+06,0.716429,1.05649,0.146826,0.0238622,-0.00272368,0.0333071,0.966607
10,10,2,6.92308e+06,0.827685,0.921681,0.146968,0.0203159,-0.00251393,0.0245454,0.975369
11,10,3,6.92308e+06,1.01428,0.752216,0.147184,0.0164923,-0.00207067,0.0162602,0.983654
12,11,1,6.92308e+06,0.216056,1.054,0.139893,0.0257011,-0.00161258,0.118956,0.943721
13,11,1.5,6.92308e+06,0.331841,0.967756,0.141548,0.0224256,-0.00210504,0.0675794,0.963703
14,11,2,6.92308e+06,0.435851,0.878186,0.142685,0.019801,-0.00218646,0.0454306,0.97357
15,11,3,6.92308e+06,0.617345,0.74383,0.144084,0.0164418,-0.0019727,0.026633,0.982911
16,12,1,6.92308e+06,0.0580433,0.553724,0.133691,0.00996189,2.1287e-05,0.171629,0.954761
17,12,1.5,6.92308e+06,0.128299,0.656386,0.136693,0.015875,-0.00094264,0.123735,0.959615
18,12,2,6.92308e+06,0.203702,0.673174,0.138682,0.015512,-0.00133925,0.0761506,0.971635
19,12,3,6.92308e+06,0.352176,0.639898,0.14112,0.0140234,-0.00155899,0.0398193,0.982447
0,8,1,7.4359e+06,2.05629,0.412252,0.162427,0.00917663,-0.00135965,0.00446271,0.957455
1,8,1.5,7.4359e+06,2.10839,0.466047,0.158853,0.0108513,-0.00158428,0.00514671,0.969046
2,8,2,7.4359e+06,2.1619,0.473691,0.156554,0.0109771,-0.00161493,0.00507752,0.976486
3,8,3,7.4359e+06,2.26692,0.455707,0.153904,0.0106857,-0.00154228,0.00471375,0.983819
4,9,1,7.4359e+06,1.21607,0.909136,0.154678,0.0210316,-0.0030552,0.0172947,0.954054
5,9,1.5,7.4359e+06,1.31708,0.833947,0.152782,0.0193255,-0.00282516,0.014673,0.967718
6,9,2,7.4359e+06,1.40697,0.7578,0.151696,0.0178261,-0.00256572,0.0126698,0.975014
7,9,3,7.4359e+06,1.56406,0.645607,0.150509,0.0146405,-0.00213135,0.0093606,0.983741
8,10,1,7.4359e+06,0.584842,1.24739,0.14673,0.0301471,-0.00381351,0.0515475,0.948367
9,10,1.5,7.4359e+06,0.716429,1.05649,0.146826,0.0251923,-0.00338473,0.0351638,0.964746
10,10,2,7.4359e+06,0.827685,0.921681,0.146968,0.0214288,-0.0030545,0.02589,0.97402
11,10,3,7.4359e+06,1.01428,0.752216,0.147184,0.0177246,-0.00254357,0.0174751,0.982432
12,11,1,7.4359e+06,0.216056,1.054,0.139893,0.0268152,-0.00230635,0.124112,0.941244
13,11,1.5,7.4359e+06,0.331841,0.967756,0.141548,0.0239238,-0.00270506,0.0720942,0.961263
14,11,2,7.4359e+06,0.435851,0.878186,0.142685,0.0207851,-0.00271115,0.0476884,0.972252
15,11,3,7.4359e+06,0.617345,0.74383,0.144084,0.0176586,-0.00244128,0.0286041,0.981645
16,12,1,7.4359e+06,0.0580433,0.553724,0.133691,0.00889789,-0.00037656,0.153297,0.959796
17,12,1.5,7.4359e+06,0.128299,0.656386,0.136693,0.0169912,-0.0013642,0.132435,0.956695
18,12,2,7.4359e+06,0.203702,0.673174,0.138682,0.0166563,-0.00176438,0.0817682,0.969513
19,12,3,7.4359e+06,0.352176,0.639898,0.14112,0.0148565,-0.00194513,0.042185,0.981398
0,8,1,7.94872e+06,2.05629,0.412252,0.162427,0.0101609,-0.00165998,0.00494139,0.952661
1,8,1.5,7.94872e+06,2.10839,0.466047,0.158853,0.0111604,-0.00187679,0.00529332,0.968144
2,8,2,7.94872e+06,2.1619,0.473691,0.156554,0.0113016,-0.00189813,0.00522764,0.975782
3,8,3,7.94872e+06,2.26692,0.455707,0.153904,0.0109749,-0.00184963,0.00484133,0.983379
4,9,1,7.94872e+06,1.21607,0.909136,0.154678,0.022201,-0.0036705,0.0182563,0.951468
5,9,1.5,7.94872e+06,1.31708,0.833947,0.152782,0.0201881,-0.00336115,0.015328,0.966269
6,9,2,7.94872e+06,1.40697,0.7578,0.151696,0.0184577,-0.00309062,0.0131187,0.974126
7,9,3,7.94872e+06,1.56406,0.645607,0.150509,0.0155645,-0.00258027,0.00995134,0.982714
8,10,1,7.94872e+06,0.584842,1.24739,0.14673,0.0315939,-0.00460871,0.0540212,0.94589
9,10,1.5,7.94872e+06,0.716429,1.05649,0.146826,0.0262264,-0.00411407,0.0366071,0.9633
10,10,2,7.94872e+06,0.827685,0.921681,0.146968,0.0226773,-0.0036757,0.0273984,0.972507
11,10,3,7.94872e+06,1.01428,0.752216,0.147184,0.0183417,-0.00307292,0.0180836,0.981821
12,11,1,7.94872e+06,0.216056,1.054,0.139893,0.0246708,-0.00300235,0.114187,0.946009
13,11,1.5,7.94872e+06,0.331841,0.967756,0.141548,0.0248061,-0.00332359,0.074753,0.959826
14,11,2,7.94872e+06,0.435851,0.878186,0.142685,0.0219047,-0.00325337,0.0502573,0.970753
15,11,3,7.94872e+06,0.617345,0.74383,0.144084,0.018264,-0.00297283,0.0295848,0.981015
16,12,1,7.94872e+06,0.0580433,0.553724,0.133691,0.0079949,-0.000767067,0.13774,0.964027
17,12,1.5,7.94872e+06,0.128299,0.656386,0.136693,0.0142315,-0.00178518,0.110925,0.963894
18,12,2,7.94872e+06,0.203702,0.673174,0.138682,0.0173864,-0.00220027,0.0853525,0.968157
19,12,3,7.94872e+06,0.352176,0.639898,0.14112,0.0158305,-0.00236099,0.0449505,0.980172
0,8,1,8.46154e+06,2.05629,0.412252,0.162427,0.0104932,-0.00193689,0.00510296,0.951032
1,8,1.5,8.46154e+06,2.10839,0.466047,0.158853,0.0114984,-0.00211694,0.00545362,0.967157
2,8,2,8.46154e+06,2.1619,0.473691,0.156554,0.0116577,-0.00214585,0.00539236,0.975008
3,8,3,8.46154e+06,2.26692,0.455707,0.153904,0.0112897,-0.00207955,0.0049802,0.982899
4,9,1,8.46154e+06,1.21607,0.909136,0.154678,0.0236234,-0.0042381,0.019426,0.948317
5,9,1.5,8.46154e+06,1.31708,0.833947,0.152782,0.0211915,-0.00385568,0.0160898,0.964583
6,9,2,8.46154e+06,1.40697,0.7578,0.151696,0.019168,-0.00350934,0.0136236,0.973127
7,9,3,8.46154e+06,1.56406,0.645607,0.150509,0.0167182,-0.0029942,0.010689,0.981431
8,10,1,8.46154e+06,0.584842,1.24739,0.14673,0.0328343,-0.00542917,0.0561422,0.943765
9,10,1.5,8.46154e+06,0.716429,1.05649,0.146826,0.0274,-0.00473965,0.0382452,0.961657
10,10,2,8.46154e+06,0.827685,0.921681,0.146968,0.0239386,-0.00425899,0.0289224,0.970978
11,10,3,8.46154e+06,1.01428,0.752216,0.147184,0.0190343,-0.00348603,0.0187664,0.981135
12,11,1,8.46154e+06,0.216056,1.054,0.139893,0.020526,-0.00369825,0.0950033,0.955184
13,11,1.5,8.46154e+06,0.331841,0.967756,0.141548,0.0257347,-0.00395118,0.0775514,0.958311
14,11,2,8.46154e+06,0.435851,0.878186,0.142685,0.0232297,-0.00381297,0.0532973,0.968977
15,11,3,8.46154e+06,0.617345,0.74383,0.144084,0.0189377,-0.00339147,0.0306761,0.980313
16,12,1,8.46154e+06,0.0580433,0.553724,0.133691,0.00720676,-0.00114799,0.124162,0.967689
17,12,1.5,8.46154e+06,0.128299,0.656386,0.136693,0.012356,-0.00220632,0.0963066,0.968748
18,12,2,8.46154e+06,0.203702,0.673174,0.138682,0.0172069,-0.00263953,0.084471,0.968491
19,12,3,8.46154e+06,0.352176,0.639898,0.14112,0.0168861,-0.0027844,0.0479478,0.978842
0,8,1,8.97436e+06,2.05629,0.412252,0.162427,0.0107307,-0.00213138,0.00521846,0.949864
1,8,1.5,8.97436e+06,2.10839,0.466047,0.158853,0.0118534,-0.00235407,0.00562198,0.966118
2,8,2,8.97436e+06,2.1619,0.473691,0.156554,0.0120333,-0.00239044,0.00556608,0.974192
3,8,3,8.97436e+06,2.26692,0.455707,0.153904,0.0116185,-0.00230662,0.00512525,0.982398
4,9,1,8.97436e+06,1.21607,0.909136,0.154678,0.0243529,-0.00479895,0.0200259,0.946699
5,9,1.5,8.97436e+06,1.31708,0.833947,0.152782,0.0223326,-0.0043442,0.0169562,0.962664
6,9,2,8.97436e+06,1.40697,0.7578,0.151696,0.0199402,-0.003923,0.0141724,0.972041
7,9,3,8.97436e+06,1.56406,0.645607,0.150509,0.0172485,-0.00340313,0.011028,0.980841
8,10,1,8.97436e+06,0.584842,1.24739,0.14673,0.0331493,-0.00616741,0.0566808,0.943226
9,10,1.5,8.97436e+06,0.716429,1.05649,0.146826,0.0287602,-0.00533912,0.0401438,0.959754
10,10,2,8.97436e+06,0.827685,0.921681,0.146968,0.0247095,-0.00481688,0.0298537,0.970043
11,10,3,8.97436e+06,1.01428,0.752216,0.147184,0.0197851,-0.00389417,0.0195067,0.98039
12,11,1,8.97436e+06,0.216056,1.054,0.139893,0.0163297,-0.00436091,0.0755812,0.964428
13,11,1.5,8.97436e+06,0.331841,0.967756,0.141548,0.0204636,-0.00458165,0.0616671,0.966895
14,11,2,8.97436e+06,0.435851,0.878186,0.142685,0.0240315,-0.00434719,0.0551369,0.967903
15,11,3,8.97436e+06,0.617345,0.74383,0.144084,0.0196785,-0.00379195,0.0318761,0.979542
16,12,1,8.97436e+06,0.0580433,0.553724,0.133691,0.00649541,-0.00148256,0.111906,0.970972
17,12,1.5,8.97436e+06,0.128299,0.656386,0.136693,0.00957188,-0.00262557,0.0746062,0.975897
18,12,2,8.97436e+06,0.203702,0.673174,0.138682,0.0129662,-0.00308542,0.0636527,0.97634
19,12,3,8.97436e+06,0.352176,0.639898,0.14112,0.0173425,-0.00319004,0.0492439,0.978266
0,8,1,9.48718e+06,2.05629,0.412252,0.162427,0.0110024,-0.00230639,0.0053506,0.948524
1,8,1.5,9.48718e+06,2.10839,0.466047,0.158853,0.0122722,-0.00257792,0.00582064,0.964891
2,8,2,9.48718e+06,2.1619,0.473691,0.156554,0.0124788,-0.00262133,0.00577217,0.973223
3,8,3,9.48718e+06,2.26692,0.455707,0.153904,0.0120039,-0.00252097,0.00529526,0.98181
4,9,1,9.48718e+06,1.21607,0.909136,0.154678,0.0252149,-0.00522596,0.0207347,0.944786
5,9,1.5,9.48718e+06,1.31708,0.833947,0.152782,0.0234046,-0.00480596,0.0177701,0.96086
6,9,2,9.48718e+06,1.40697,0.7578,0.151696,0.0208938,-0.00431383,0.0148502,0.970699
7,9,3,9.48718e+06,1.56406,0.645607,0.150509,0.0177616,-0.00370029,0.0113561,0.98027
8,10,1,9.48718e+06,0.584842,1.24739,0.14673,0.02145,-0.006824,0.0366765,0.963261
9,10,1.5,9.48718e+06,0.716429,1.05649,0.146826,0.0226064,-0.00591367,0.0315543,0.968365
10,10,2,9.48718e+06,0.827685,0.921681,0.146968,0.0242567,-0.00525707,0.0293067,0.970592
11,10,3,9.48718e+06,1.01428,0.752216,0.147184,0.0207089,-0.00427977,0.0204174,0.979475
12,11,1,9.48718e+06,0.216056,1.054,0.139893,0.0121138,-0.00495488,0.056068,0.973671
13,11,1.5,9.48718e+06,0.331841,0.967756,0.141548,0.0140744,-0.00508252,0.0424133,0.977268
14,11,2,9.48718e+06,0.435851,0.878186,0.142685,0.0152584,-0.00486356,0.0350082,0.979647
15,11,3,9.48718e+06,0.617345,0.74383,0.144084,0.0182959,-0.00417292,0.0296364,0.980982
16,12,1,9.48718e+06,0.0580433,0.553724,0.133691,0.00506764,-0.00180272,0.0873079,0.977495
17,12,1.5,9.48718e+06,0.128299,0.656386,0.136693,0.00749406,-0.00304231,0.0584111,0.98119
18,12,2,9.48718e+06,0.203702,0.673174,0.138682,0.00881956,-0.00347223,0.0432965,0.983961
19,12,3,9.48718e+06,0.352176,0.639898,0.14112,0.0120618,-0.00355095,0.0342492,0.984912
0,8,1,1e+07,2.05629,0.412252,0.162427,0.00272889,-0.00249007,0.00132709,0.98772
1,8,1.5,1e+07,2.10839,0.466047,0.158853,0.00318548,-0.00281293,0.00151085,0.991047
2,8,2,1e+07,2.1619,0.473691,0.156554,0.00324981,-0.00286375,0.00150322,0.993098
3,8,3,1e+07,2.26692,0.455707,0.153904,0.00309825,-0.00274599,0.00136672,0.995327
4,9,1,1e+07,1.21607,0.909136,0.154678,0.00678437,-0.00567423,0.00557892,0.985291
5,9,1.5,1e+07,1.31708,0.833947,0.152782,0.0061858,-0.00524205,0.00469662,0.989704
6,9,2,1e+07,1.40697,0.7578,0.151696,0.00557616,-0.0047247,0.00396323,0.9922
7,9,3,1e+07,1.56406,0.645607,0.150509,0.00466948,-0.00400128,0.00298549,0.994819
8,10,1,1e+07,0.584842,1.24739,0.14673,0.00945041,-0.00747825,0.0161589,0.983813
9,10,1.5,1e+07,0.716429,1.05649,0.146826,0.00795012,-0.0064986,0.0110969,0.988874
10,10,2,1e+07,0.827685,0.921681,0.146968,0.00688396,-0.00571584,0.00831713,0.991653
11,10,3,1e+07,1.01428,0.752216,0.147184,0.0055313,-0.00468513,0.00545345,0.994517
12,11,1,1e+07,0.216056,1.054,0.139893,0.00793044,-0.00555097,0.0367056,0.982801
13,11,1.5,1e+07,0.331841,0.967756,0.141548,0.00724914,-0.00558044,0.0218452,0.988312
14,11,2,1e+07,0.435851,0.878186,0.142685,0.00653834,-0.00528301,0.0150013,0.99129
15,11,3,1e+07,0.617345,0.74383,0.144084,0.00546387,-0.00456703,0.0088506,0.994325
16,12,1,1e+07,0.0580433,0.553724,0.133691,0.0039165,-0.00212146,0.0674755,0.982694
17,12,1.5,1e+07,0.128299,0.656386,0.136693,0.00475712,-0.00344805,0.0370785,0.98811
18,12,2,1e+07,0.203702,0.673174,0.138682,0.00489338,-0.0037958,0.0240223,0.991129
19,12,3,1e+07,0.352176,0.639898,0.14112,0.00462301,-0.00384017,0.013127,0.994232
