sim_id,final_pnl,final_Vpi,total_trades
0,174751,1.59307e+06,39
1,166775,-73105.9,28
2,103838,-1.04284e+06,27
3,184948,4.7175e+06,29
4,387410,1.01851e+06,40
5,92037.4,-4.09979e+06,19
6,130645,-174644,26
7,195747,1.76046e+06,32
8,212437,1.74518e+06,28
9,131605,-1.0979e+06,25
10,220270,2.14723e+06,36
11,150824,651153,25
12,149301,-997260,30
13,225551,-8.82085e+06,33
14,205221,-2.22092e+06,34
15,216956,-223189,35
16,224796,1.80787e+06,21
17,197464,-2.67772e+06,30
18,182113,154796,24
19,211737,3.96505e+06,32
20,140843,1.83233e+06,31
21,90831.3,-212775,19
22,115679,252869,24
23,239085,95556.3,30
24,172101,3.89807e+06,22
25,209887,6.53502e+06,31
26,117968,88061.7,24
27,110225,2.60828e+06,23
28,112855,-1.67938e+06,22
29,172365,-3.46992e+06,27
30,114712,82558.7,22
31,168685,-783305,29
32,113597,1.38763e+06,22
33,86066.7,3013.64,21
34,176701,-3.57057e+06,26
35,175666,2.2934e+06,34
36,189941,-2.04054e+06,29
37,232191,-916654,41
38,166564,356804,32
39,68256.1,2.06762e+06,17
40,223149,-5.66489e+06,35
41,222936,-290963,36
42,102699,-781587,23
43,151316,2.11563e+06,29
44,174537,-1.50374e+06,26
45,168687,-870757,30
46,178995,-7.74722e+06,34
47,209837,88491.6,32
48,142273,265332,33
49,218840,1.27749e+06,30
50,201082,-1.37235e+06,28
51,115996,1.85428e+06,25
52,176444,8.98576e+06,17
53,232549,1.34536e+06,30
54,152088,-2.35399e+06,31
55,245642,4.68078e+06,34
56,238030,-772308,36
57,151417,897149,27
58,144924,3.61905e+06,26
59,323697,3.31754e+06,35
60,185579,1.98668e+06,27
61,222161,2.70739e+06,32
62,101320,-959993,17
63,274207,-4.09355e+06,31
64,224563,3.35394e+06,24
65,179918,-693670,33
66,153321,1.74361e+06,22
67,108581,-139422,27
68,198258,407688,33
69,91607.1,-1.45506e+06,23
70,190421,-1.11571e+06,27
71,167367,1.62798e+06,34
72,84458.4,-234858,21
73,246548,-2.31106e+06,39
74,176579,2.92756e+06,28
75,96869.8,-332492,26
76,231310,-5.75269e+06,37
77,284103,-1.9124e+06,47
78,109688,438217,26
79,248478,-630870,29
80,314473,-744231,34
81,222987,216320,33
82,199160,958528,24
83,219543,4.41485e+06,29
84,291385,-7.44325e+06,30
85,186353,-1.02914e+06,26
86,137662,3.106e+06,24
87,173815,3.13247e+06,28
88,214697,129081,33
89,127691,3.02497e+06,31
90,68233.8,-225425,19
91,80610.6,-288665,22
92,198795,2.09664e+06,34
93,174767,-1.4397e+06,28
94,240101,2.51045e+06,36
95,266790,2.9637e+06,37
96,263397,2.828e+06,37
97,229769,199079,37
98,280570,-3.64296e+06,32
99,153549,3.58174e+06,24
100,211716,-4.34762e+06,25
101,162907,-264679,26
102,189254,1.90754e+06,25
103,120015,726538,24
104,131059,-53587.1,25
105,204909,1.93659e+06,30
106,161990,-2.8437e+06,32
107,176119,-1.02252e+06,25
108,167091,2.2589e+06,24
109,150978,-1.53629e+06,30
110,89567,-1.21765e+06,20
111,263205,-4.80808e+06,35
112,183372,-1.61947e+06,39
113,214828,-1.84881e+06,36
114,62550.5,-1.31232e+06,16
115,144533,1.42057e+06,27
116,50682.1,-1.94683e+06,19
117,202017,445045,33
118,117793,675303,20
119,131972,-1.94284e+06,22
120,208555,-3.65067e+06,29
121,130122,-43398.3,24
122,289168,903672,30
123,147922,2.53392e+06,28
124,195320,-506592,33
125,153387,-916183,29
126,141677,-424450,27
127,205292,2.08916e+06,31
128,173656,-627188,26
129,163896,1.7883e+06,29
130,175175,2.86369e+06,25
131,195725,1.78161e+06,33
132,233643,3.04523e+06,25
133,240293,-2.85602e+06,34
134,162561,-1.65846e+06,26
135,121318,-234896,24
136,196394,1.05388e+06,30
137,280248,-4.44889e+06,37
138,170725,-1.16953e+06,30
139,179087,-661023,26
140,251948,3.49601e+06,33
141,172300,1.99928e+06,33
142,146573,-70259.5,30
143,111992,-89454.1,22
144,213944,1.31385e+06,30
145,140881,1.60606e+06,21
146,150985,-495262,23
147,223343,-2.55378e+06,29
148,128991,3.99764e+06,23
149,271764,1.85413e+06,37
150,146741,-8.44472e+06,17
151,164936,1.92333e+06,28
152,155461,-73181.9,27
153,190144,1.89712e+06,42
154,229243,-1.97969e+06,46
155,162814,-1.15201e+06,22
156,86519.9,-765536,14
157,88469.6,814320,19
158,314838,5.88039e+06,28
159,152795,3.02789e+06,32
160,129516,-2.41202e+06,25
161,215606,1.0897e+06,32
162,221940,-550719,37
163,180556,-526412,29
164,206438,722181,29
165,137783,3.53279e+06,20
166,204150,99184.2,28
167,162068,4.08652e+06,22
168,227091,2.30164e+06,22
169,198928,-2.07262e+06,32
170,242853,-6.28583e+06,26
171,168110,1.11161e+06,29
172,103993,-1.475e+06,23
173,232898,-3.40681e+06,33
174,100859,-1.48893e+06,24
175,179413,-797844,25
176,181171,-1.72653e+06,35
177,223361,1.24932e+06,32
178,199140,-2.22221e+06,29
179,155769,155500,23
180,255092,3.09029e+06,38
181,164513,-1.31758e+06,29
182,172803,-2.78357e+06,28
183,172280,310266,29
184,130833,-1.4128e+06,29
185,138403,1.65974e+06,22
186,97792.6,-3.42772e+06,19
187,254981,634460,38
188,449322,2.17091e+06,51
189,263887,4.94157e+06,30
190,204094,-3.17683e+06,30
191,139696,-2.01378e+06,28
192,151253,-4.55911e+06,25
193,207415,-1.23631e+06,35
194,174527,1.17339e+06,32
195,218129,-900144,36
196,129142,813155,25
197,136716,1.1192e+06,26
198,207335,-585397,25
199,137120,224604,33
200,196052,-1.11748e+06,32
201,153441,-1.08022e+06,23
202,169780,-4.35578e+06,36
203,162118,-4.45876e+06,31
204,221385,-1.39706e+06,29
205,223909,-894258,31
206,183838,2.95651e+06,29
207,144679,-3.08977e+06,27
208,172308,5.10885e+06,23
209,216874,-2.73832e+06,34
210,222709,-681818,33
211,147957,-805386,30
212,248225,3.00398e+06,35
213,167148,-176285,24
214,243504,2.84399e+06,38
215,115613,508496,23
216,96108.2,1.06129e+06,26
217,214468,-2.87949e+06,34
218,160423,3.3968e+06,21
219,173559,373817,23
220,199572,-5.42437e+06,30
221,165460,-54696.9,26
222,157903,-6.14911e+06,23
223,221891,-1.31043e+06,36
224,142146,-445475,32
225,115399,-927863,28
226,197972,991702,33
227,150389,-390146,26
228,177660,1.46911e+06,33
229,181475,-2.18318e+06,23
230,212578,2.26883e+06,30
231,110116,1.41992e+06,21
232,174152,666077,35
233,181932,1.14517e+06,33
234,170227,5.79263e+06,27
235,135004,6.46825e+06,20
236,231241,7.72565e+06,35
237,114516,217011,22
238,127945,-595867,23
239,72102.6,94995.6,15
240,223160,2.02734e+06,28
241,175983,-99318.1,30
242,264736,4.77212e+06,31
243,191940,-733221,34
244,164205,-1.82204e+06,26
245,163084,2.63978e+06,28
246,238769,-1.96652e+06,27
247,140552,-3.68048e+06,28
248,111364,1.18341e+06,23
249,142935,235242,28
250,251313,-1.46189e+06,32
251,225282,-5.88852e+06,31
252,294091,3.03989e+06,35
253,173811,-445193,26
254,179366,-4.54047e+06,24
255,163489,3.57813e+06,30
256,190021,2.20568e+06,34
257,187514,1.48975e+06,29
258,152930,-1.31285e+06,31
259,94764.3,-115457,26
260,183202,4.94617e+06,32
261,200823,100706,30
262,202604,205416,35
263,201416,52584,30
264,154746,927385,27
265,294621,-776790,31
266,83812.6,-1.07466e+06,24
267,233225,-815331,32
268,134465,-2.59957e+06,26
269,320751,74918,44
270,165879,1.14979e+06,33
271,205267,4.88099e+06,30
272,232919,-120655,37
273,178540,1.81399e+06,23
274,158673,3.12856e+06,24
275,137170,-614812,23
276,153943,-599022,32
277,158077,-1.97632e+06,28
278,223620,-796979,42
279,158491,-3.48152e+06,27
280,135808,1.57422e+06,23
281,218599,-1.36758e+06,38
282,97179.2,-1.7055e+06,22
283,155049,577993,27
284,139179,2.45654e+06,27
285,202478,-3.40099e+06,34
286,267886,-3.58523e+06,32
287,188975,1.59135e+06,32
288,215140,-855641,37
289,147138,-540216,31
290,214793,-3.31975e+06,34
291,106905,444577,21
292,162416,-1.02723e+06,33
293,191390,-1.70101e+06,24
294,256388,7.29388e+06,35
295,218009,1.64085e+06,31
296,162832,1.08378e+06,28
297,274706,594507,43
298,208522,-1.81891e+06,30
299,131209,4.24578e+06,19
300,200969,6.14464e+06,27
301,285437,2.58509e+06,38
302,132719,-784821,24
303,189392,3.66732e+06,33
304,172459,2.28082e+06,31
305,106399,2.27423e+06,25
306,154404,-3.84213e+06,31
307,198443,3.26971e+06,31
308,149117,4.88973e+06,25
309,144465,-5.86326e+06,31
310,102302,493158,23
311,136931,2.06299e+06,27
312,256755,1.16703e+06,43
313,303778,-521244,39
314,137109,1.70075e+06,25
315,240279,-7.34708e+06,31
316,163862,7.27243e+06,25
317,137901,-2.16822e+06,33
318,184008,5.21742e+06,25
319,170996,78889.5,29
320,180745,-745825,32
321,152174,-300329,21
322,278273,3.49997e+06,34
323,159819,1.06279e+06,31
324,126075,2.78867e+06,28
325,200012,-4.78585e+06,29
326,166617,568245,31
327,243527,-2.77877e+06,34
328,125948,-372196,25
329,175302,764397,20
330,101747,-848358,21
331,148254,-486112,30
332,96115,-1.46599e+06,16
333,198102,-4.00618e+06,42
334,246128,3.31693e+06,38
335,109878,2.11833e+06,26
336,149082,-1.69679e+06,32
337,95147.9,1.19744e+06,25
338,160933,-6614.81,30
339,135994,164845,21
340,165705,453019,31
341,121782,94153,30
342,214465,-1.07344e+06,31
343,187710,-1.71003e+06,26
344,226965,1.4354e+06,27
345,293999,1.0563e+06,33
346,261380,-5.49685e+06,26
347,119220,-1.40702e+06,30
348,247989,991159,43
349,102306,1.92191e+06,24
350,216214,1.7201e+06,35
351,208736,-3.83172e+06,36
352,50501.1,776279,16
353,244776,-1.58679e+06,28
354,164254,-4.51261e+06,30
355,342378,-464848,33
356,150917,972322,28
357,270388,-2.25054e+06,34
358,168304,34238.2,31
359,195512,5.15111e+06,25
360,274988,-90744.7,35
361,216005,2.13574e+06,32
362,147016,-85596.3,31
363,322493,1.54104e+06,40
364,188166,-3.51226e+06,26
365,243216,-9.33437e+06,23
366,77552.9,-2.32746e+06,18
367,184818,4.35768e+06,29
368,190999,-5.48739e+06,29
369,172519,1.1635e+06,27
370,251555,213220,29
371,90369.2,-1.11714e+06,25
372,160730,-433853,26
373,216098,-2.66948e+06,29
374,143771,-622774,29
375,177867,-1.76581e+06,37
376,264575,1.55278e+06,37
377,201344,-406571,34
378,84948.5,3.0185e+06,22
379,123270,615762,24
380,157570,4.04681e+06,22
381,262896,-1.37017e+06,35
382,125498,1.67217e+06,24
383,134722,2.95702e+06,28
384,221306,-2.68952e+06,32
385,200172,-3.07416e+06,26
386,158866,662280,23
387,158216,1.12242e+06,29
388,144865,1.60114e+06,25
389,228860,5.03242e+06,40
390,217723,-3.13832e+06,36
391,268367,457873,38
392,122903,1.49636e+06,32
393,206032,904244,41
394,170105,1.11849e+06,28
395,210355,-3.44867e+06,32
396,134261,-278902,26
397,197962,1.47832e+06,31
398,137578,-1.21463e+06,26
399,159454,-2.98656e+06,28
400,233933,-3.05475e+06,36
401,236770,8.17944e+06,31
402,132084,-3.35111e+06,27
403,170587,839642,28
404,237331,1.07153e+06,35
405,224546,-4.63182e+06,31
406,235569,-763934,32
407,223720,-785755,27
408,200115,-2.351e+06,26
409,218665,325005,36
410,172227,2.01495e+06,32
411,162996,867206,23
412,160396,548485,27
413,158813,773192,30
414,153509,1.73442e+06,33
415,159845,-226647,34
416,263115,1.87784e+06,36
417,166698,-4.82852e+06,29
418,181891,-5.49435e+06,27
419,244441,-478376,36
420,187299,-32072.7,27
421,138025,-1.92689e+06,25
422,366824,1.04518e+06,35
423,119530,470259,33
424,118063,1.36953e+06,26
425,178034,-1.175e+06,24
426,162963,-4.96684e+06,30
427,157558,4.13503e+06,21
428,251702,-1.31333e+06,39
429,143315,-2.76666e+06,37
430,278875,430405,32
431,169402,323226,32
432,181024,-152582,25
433,162273,-727366,23
434,173259,2.5674e+06,26
435,163045,-2.20165e+06,29
436,185389,1.03005e+06,25
437,227836,8.42512e+06,27
438,362602,2.2668e+06,43
439,289563,-3.72249e+06,33
440,124843,-570318,28
441,176783,-2.98581e+06,27
442,153371,-3.31876e+06,29
443,259248,-1.95061e+06,36
444,108526,381427,23
445,152524,431364,29
446,223578,-4.7359e+06,30
447,174842,2.7149e+06,25
448,299910,539252,42
449,156168,-722497,29
450,176855,-6.38326e+06,24
451,116901,332773,28
452,158147,-3.39949e+06,25
453,289371,4.73829e+06,35
454,208005,3.65436e+06,38
455,221619,-71119.1,31
456,173366,-1.69546e+06,27
457,169528,1.42075e+06,27
458,163589,-3.69911e+06,33
459,166384,-5.05488e+06,27
460,259806,2.4199e+06,40
461,257807,381635,34
462,200209,-2.01834e+06,34
463,146617,-3.35748e+06,21
464,253293,3.76144e+06,27
465,251082,6.39853e+06,34
466,96129,-2.45269e+06,22
467,125254,-475418,33
468,268134,5.44755e+06,30
469,229955,2.1034e+06,36
470,140777,183239,31
471,206906,-1.53184e+06,35
472,77856.6,-1.83085e+06,18
473,181627,-552129,26
474,221105,-2.02435e+06,38
475,136972,-495536,27
476,197908,2.27065e+06,31
477,214727,568539,32
478,267146,6.37294e+06,39
479,177433,-497347,34
480,145732,2.45756e+06,27
481,178795,2.70808e+06,30
482,158179,5.3172e+06,24
483,215081,62760.2,34
484,171773,-1.43313e+06,31
485,224841,5.34952e+06,34
486,135840,-182072,22
487,247868,-1.71411e+06,32
488,202679,373058,28
489,140102,1.36003e+06,19
490,278015,1.36975e+06,44
491,200940,3.75815e+06,37
492,200227,1.22637e+06,28
493,128851,1.78674e+06,28
494,369719,-1.51449e+06,32
495,143167,2.9742e+06,22
496,212841,-6.56934e+06,24
497,123921,1.23588e+06,24
498,269144,5.6502e+06,32
499,246970,-1.6978e+06,31
500,270127,-1.94695e+06,39
501,249290,-9.20844e+06,27
502,158702,3.69516e+06,24
503,134763,-892526,26
504,329302,-3.4702e+06,40
505,202374,2.96093e+06,32
506,109125,-84893.1,20
507,155955,-664151,28
508,164307,1.29169e+06,26
509,168694,-1.93363e+06,35
510,172984,362225,24
511,240759,3.97527e+06,27
512,243956,-1.19622e+06,31
513,202878,3.49068e+06,34
514,171044,3.45893e+06,23
515,157548,-4.05904e+06,22
516,208909,-3.60836e+06,30
517,154006,1.10334e+06,26
518,157466,-954025,25
519,137189,1.1072e+06,29
520,175552,-1.0427e+06,27
521,157417,-4.34827e+06,29
522,140370,-275934,32
523,204211,-2.51475e+06,27
524,224826,-345785,27
525,192623,3.63258e+06,24
526,127182,114740,26
527,183873,962450,24
528,162589,391419,27
529,320231,-4.28385e+06,40
530,125333,-949112,22
531,146687,-225231,33
532,222165,890172,41
533,235131,2.8966e+06,36
534,115575,-1.59705e+06,25
535,161272,172879,33
536,187810,-2.76851e+06,30
537,229153,-1.31723e+06,27
538,198725,1.87328e+06,35
539,290410,4.42921e+06,39
540,164587,1.16369e+06,28
541,142344,3.73662e+06,22
542,206470,188312,30
543,211091,-6.26402e+06,28
544,129198,-1.89242e+06,23
545,196817,724933,30
546,191713,-3.22956e+06,28
547,111298,-84383.2,26
548,135955,-126238,23
549,205857,533142,39
550,182628,-354652,35
551,165483,864772,26
552,270902,-1.71775e+06,34
553,81725.3,1.25083e+06,22
554,248195,2.22848e+06,33
555,173077,448413,29
556,91807.6,2.82983e+06,20
557,167536,449806,30
558,211498,4.88132e+06,34
559,155259,-827290,20
560,164149,2.45612e+06,24
561,195021,440885,32
562,312273,2.24408e+06,37
563,133538,1.01218e+06,24
564,337146,3.97432e+06,44
565,164681,2.45957e+06,25
566,203633,2.7439e+06,35
567,233553,-5.13466e+06,32
568,182795,785361,36
569,135271,-1.34801e+06,33
570,206782,-3.41958e+06,34
571,152630,-50586.6,29
572,250573,2.6996e+06,36
573,117237,-353325,26
574,302043,1.98522e+06,41
575,143315,-2.73883e+06,28
576,188881,-2.01692e+06,29
577,67173.6,-633463,20
578,184626,-4.50916e+06,26
579,162582,-189551,25
580,92003.1,-754079,24
581,187098,673764,32
582,175471,4.86296e+06,29
583,304773,3.96388e+06,37
584,181303,-1.71925e+06,23
585,194169,-1.20219e+06,39
586,195753,965856,26
587,107330,-2.07265e+06,25
588,134870,4.38114e+06,27
589,186123,916938,29
590,210439,2.21833e+06,30
591,396960,-952679,42
592,174379,-1.61501e+06,27
593,193276,1.71427e+06,25
594,198325,-2.70783e+06,23
595,139800,-5.36489e+06,23
596,205224,-2.4157e+06,39
597,255036,3.03671e+06,36
598,272273,-5.70401e+06,32
599,175425,1.55337e+06,31
600,314755,1.32978e+06,41
601,190365,-2.13147e+06,31
602,133290,-2.88157e+06,23
603,269133,1.00325e+06,32
604,281559,6.28782e+06,32
605,120551,-1.21989e+06,23
606,185417,5.0194e+06,28
607,175106,-1.60974e+06,29
608,210974,1.62779e+06,27
609,159350,631566,35
610,215572,5.43113e+06,34
611,127948,459323,26
612,213790,3.42626e+06,38
613,182084,-917410,29
614,212374,9.13894e+06,35
615,157931,-1.28066e+06,25
616,190428,1.41822e+06,34
617,229789,3.7141e+06,25
618,140536,5.00267e+06,24
619,247236,534179,30
620,184437,-1.90979e+06,35
621,251813,4.27212e+06,30
622,189507,-1.51719e+06,37
623,298468,-135587,36
624,271198,33731.4,32
625,220110,-3.32128e+06,35
626,209392,-2.51075e+06,29
627,363988,-270779,39
628,277511,1.76387e+06,37
629,224625,118428,34
630,170247,-2.35699e+06,29
631,241018,757094,35
632,193633,-3.04791e+06,32
633,243076,4.55065e+06,36
634,259423,1.42801e+06,27
635,180392,1.23645e+06,31
636,101110,2.30987e+06,23
637,187212,2.56579e+06,26
638,150024,-2.61971e+06,29
639,232611,-2.87941e+06,31
640,274537,650348,32
641,172965,3.40297e+06,28
642,227190,-2.2833e+06,33
643,134300,1.82791e+06,28
644,218485,1.25973e+06,34
645,167165,-4.34111e+06,24
646,239592,7.98975e+06,30
647,321149,6.94212e+06,35
648,135357,-1.55128e+06,21
649,146936,314983,25
650,175934,-1.18729e+06,31
651,200761,-3.5883e+06,27
652,191953,-529912,32
653,203968,-1.59033e+06,32
654,193000,6.47345e+06,31
655,249635,-1.05988e+06,38
656,143259,1.10975e+06,31
657,105999,-1.80614e+06,24
658,169265,-614084,31
659,165154,-2.08242e+06,28
660,191880,-1.66752e+06,26
661,209892,3.10844e+06,29
662,139451,-171273,22
663,71289.7,250935,18
664,217403,2.70532e+06,35
665,156515,-1.47458e+06,26
666,189270,-2.58695e+06,31
667,200331,-6.13219e+06,34
668,212026,992236,36
669,163886,-6.48303e+06,29
670,204230,-4.87347e+06,23
671,149361,-1.82594e+06,29
672,153824,2.8511e+06,27
673,227882,-740261,31
674,308748,4.26779e+06,43
675,209663,-1.59924e+06,26
676,162629,3.37697e+06,34
677,196496,-586023,28
678,182707,-1.31578e+06,34
679,127038,982416,27
680,107039,299001,23
681,301390,-2.57833e+06,46
682,258962,-797062,33
683,126139,1.24409e+06,26
684,275056,-3.71565e+06,41
685,235506,-4.09234e+06,32
686,143372,447953,26
687,257425,2.06189e+06,37
688,310510,1.77616e+06,40
689,178593,-3.0097e+06,20
690,193931,1.34588e+06,38
691,222686,3.93077e+06,28
692,129951,-2.59997e+06,30
693,203396,-5.52131e+06,28
694,168706,1.25277e+06,28
695,117544,-1.82696e+06,20
696,181801,-7.90637e+06,25
697,144253,-3.7998e+06,26
698,192630,-1.07618e+06,29
699,189793,61772.5,39
700,194183,-485711,32
701,290838,-7.25791e+06,34
702,223057,479211,33
703,155356,911852,29
704,142466,162347,25
705,128307,-4.45095e+06,26
706,164211,1.04763e+06,24
707,117776,1.01979e+06,26
708,168976,1.19166e+06,26
709,186187,1.11917e+06,32
710,200000,7.35615e+06,25
711,202253,-1.59479e+06,32
712,151514,-2.11216e+06,28
713,179436,1.10917e+06,27
714,183726,1.94738e+06,25
715,203245,-3.76482e+06,27
716,192922,-2.3197e+06,30
717,253569,-2.05225e+06,30
718,177245,648232,35
719,150611,-2.05152e+06,30
720,190079,2.32988e+06,29
721,144701,1.63559e+06,26
722,181198,3.29223e+06,33
723,155268,-1.4718e+06,27
724,163158,-2.22235e+06,25
725,247416,-2.44736e+06,35
726,279612,-6.27578e+06,33
727,245845,2.60913e+06,31
728,191181,3.33117e+06,32
729,160267,3.85522e+06,28
730,186104,-4.39425e+06,21
731,213808,-3.01639e+06,28
732,154541,1.07888e+06,32
733,129088,-608180,23
734,175391,-5.7383e+06,26
735,198560,4.53072e+06,28
736,210371,-2.67376e+06,27
737,131287,-1.35845e+06,26
738,332421,976343,42
739,198584,2.58164e+06,28
740,108749,-1.06947e+06,29
741,173172,2.48533e+06,24
742,248975,6.09338e+06,33
743,164605,965641,26
744,172720,-1.58891e+06,29
745,176467,1.16975e+06,27
746,158724,2.34335e+06,22
747,121838,-3.86513e+06,25
748,205810,1.9917e+06,31
749,116827,-1.31752e+06,31
750,229264,-760088,31
751,130253,-1.76329e+06,20
752,110932,1.85321e+06,25
753,151091,4.57352e+06,23
754,204809,-763225,32
755,153070,-5.19644e+06,21
756,214645,1.80197e+06,34
757,223065,5.61437e+06,30
758,218828,-76382.4,32
759,189099,343906,34
760,215726,-1.71942e+06,29
761,133715,-5.91922e+06,19
762,149943,2.1846e+06,27
763,152400,-1.07058e+06,26
764,196942,-2.16406e+06,32
765,162449,3.13507e+06,28
766,169944,2.91494e+06,36
767,203999,-1.77276e+06,37
768,75515.6,898811,16
769,228247,2.19479e+06,36
770,301701,1.63925e+06,27
771,179134,54532.8,28
772,258630,7.87651e+06,38
773,182869,351493,34
774,208531,6.90525e+06,22
775,193636,-5.92436e+06,28
776,166013,1.99489e+06,30
777,92972.6,-599069,20
778,207276,3.6484e+06,36
779,144824,-1.10101e+06,22
780,167500,-1.04428e+06,19
781,275936,1.77579e+06,45
782,212427,1.69378e+06,35
783,240320,2.35312e+06,37
784,274626,-131595,26
785,153552,-1.48303e+06,26
786,168613,-3.27771e+06,27
787,178577,4.94312e+06,30
788,154190,616729,30
789,133379,1.64393e+06,20
790,163428,3.19428e+06,33
791,157533,1.95541e+06,29
792,127233,-2.76734e+06,28
793,204307,1.33867e+06,30
794,189922,-1.54291e+06,32
795,224590,167400,27
796,217411,-1.64474e+06,34
797,178591,-679169,29
798,181205,1.12529e+06,24
799,194535,5.34122e+06,25
800,272847,-1.11116e+06,38
801,138318,-140712,28
802,222902,841802,37
803,200837,356779,29
804,143527,2.31825e+06,29
805,211255,-205145,35
806,108596,-437126,21
807,171957,1.39212e+06,30
808,181678,199275,36
809,242475,-5.05626e+06,32
810,326534,-2.85472e+06,46
811,188162,-701412,28
812,244839,-4.6295e+06,29
813,184163,-3.33905e+06,25
814,132628,875638,28
815,241589,-2.92697e+06,33
816,174620,-3.89571e+06,24
817,268528,-5.7746e+06,41
818,294956,1.25134e+06,32
819,112580,1.40564e+06,23
820,278342,-4.8832e+06,37
821,165239,-356959,26
822,242976,-1.94991e+06,31
823,229493,-1.08781e+06,35
824,187084,-688335,35
825,165288,-2.13158e+06,33
826,190857,4.98501e+06,29
827,218146,-4.44719e+06,30
828,176828,4.00698e+06,31
829,152612,-3.30448e+06,27
830,174304,4.08354e+06,27
831,146529,1.07331e+06,32
832,105357,-690047,22
833,164254,4.73999e+06,28
834,198422,-1.1322e+06,27
835,216069,2.11001e+06,31
836,225261,721668,32
837,74534.4,-982296,22
838,136175,-3.6373e+06,28
839,209787,-4.31577e+06,27
840,212145,1.7004e+06,28
841,204586,2.3566e+06,31
842,175972,-1.86896e+06,30
843,184153,352990,36
844,164309,-613666,26
845,322773,3.31323e+06,33
846,140543,4.24446e+06,29
847,191647,1.32907e+06,28
848,185807,786778,32
849,145004,-2.83012e+06,27
850,159140,-75103.2,30
851,102702,-2.96057e+06,20
852,170384,-1.81701e+06,38
853,295771,-1.77732e+06,41
854,202437,2.06263e+06,33
855,152689,4.31851e+06,24
856,216141,-2.3847e+06,33
857,130047,692611,25
858,179844,-2.13698e+06,31
859,94846.9,1.66783e+06,18
860,116537,12263,19
861,91177.4,-278379,23
862,205021,1.90791e+06,36
863,209355,-1.66817e+06,34
864,202961,6.46737e+06,28
865,214403,-622408,34
866,99232.5,-1.95303e+06,27
867,155965,4.2143e+06,28
868,115670,928225,24
869,187052,-3.87682e+06,30
870,263282,-2.46937e+06,37
871,245866,-1.33943e+06,32
872,247950,708740,38
873,193951,4.6031e+06,28
874,224948,-2.84166e+06,34
875,130888,3.86167e+06,25
876,108512,-1.09815e+06,19
877,179909,2.13636e+06,25
878,207095,497124,33
879,184076,-1.958e+06,31
880,140004,708045,28
881,151730,-1.06916e+06,30
882,259227,-353616,38
883,136623,2.8761e+06,33
884,303709,6.85176e+06,39
885,279030,-2.10769e+06,30
886,170280,-4.47221e+06,22
887,178611,2.60421e+06,30
888,194637,-1.24812e+06,33
889,207327,3.00654e+06,28
890,284734,651774,39
891,172895,237409,27
892,192821,1.43361e+06,30
893,182311,1.34503e+06,30
894,154365,-128698,22
895,307793,-2.21047e+06,32
896,228176,3.07748e+06,39
897,197652,-6.19309e+06,33
898,230587,-2.41218e+06,31
899,254486,-1.06139e+06,40
900,243043,3.2462e+06,30
901,288294,-3.21502e+06,36
902,160621,1.89016e+06,27
903,232455,-723598,36
904,130404,-1.05305e+06,25
905,168078,1.85142e+06,30
906,170696,4.08758e+06,20
907,124044,1.10629e+06,25
908,157348,150050,32
909,145131,3.73488e+06,27
910,144045,-763882,20
911,199033,3.26323e+06,38
912,177570,-1.71088e+06,29
913,266377,8.19279e+06,30
914,197151,1.37901e+06,33
915,186616,-1.10033e+06,26
916,174586,2.89801e+06,26
917,93788.1,1.19074e+06,17
918,187674,-256352,33
919,109019,260648,26
920,174584,668476,23
921,187762,867485,28
922,167747,1.02585e+06,30
923,247906,2.25384e+06,39
924,255422,198770,39
925,207143,-4.97515e+06,32
926,274598,2.85506e+06,36
927,220092,-269729,32
928,138405,1.42411e+06,29
929,121315,3.38551e+06,25
930,222513,524125,37
931,197480,523194,22
932,205055,-3.20277e+06,31
933,145786,-588178,21
934,243576,-678543,32
935,116323,2.49328e+06,25
936,149694,556679,23
937,258821,1.10844e+06,38
938,192349,-1.44916e+06,28
939,137163,-2.55623e+06,34
940,161139,1.15298e+06,25
941,216055,-3.1741e+06,33
942,134008,223757,30
943,178561,748518,29
944,145952,2.36162e+06,25
945,302838,-4.19769e+06,41
946,209017,7.7548e+06,35
947,226488,-3.42801e+06,29
948,281630,-5.87806e+06,37
949,204797,-1.55656e+06,32
950,107024,-3.4163e+06,21
951,119187,-1.97772e+06,23
952,171528,4.78518e+06,25
953,166255,-2.46444e+06,26
954,185142,-300230,23
955,217802,4.04562e+06,31
956,298644,-5.73789e+06,43
957,145110,672183,28
958,126805,204357,27
959,216571,-4.70622e+06,28
960,153814,3.45874e+06,24
961,209358,-3.36171e+06,28
962,179309,-108693,33
963,258767,8.90883e+06,31
964,286230,-1.87017e+06,40
965,176088,1.03133e+06,29
966,204315,7.23009e+06,32
967,234333,2.14709e+06,28
968,138478,658876,31
969,122689,59391.5,25
970,188878,5.42037e+06,31
971,197915,147117,38
972,255810,1.22955e+06,29
973,234257,-3.7673e+06,33
974,201580,-3.54761e+06,38
975,112557,739545,27
976,139560,-934393,21
977,138347,323687,24
978,183020,4.58506e+06,24
979,185546,1.8206e+06,30
980,195996,-2.9255e+06,31
981,235319,-2.32303e+06,38
982,147087,1.08269e+06,23
983,229827,-1.0966e+06,39
984,220085,-905647,33
985,319433,6.30311e+06,36
986,194974,6.78729e+06,30
987,115213,453984,22
988,296483,2.24018e+06,38
989,122593,168428,22
990,213176,46266.3,35
991,243276,-5.12991e+06,30
992,150521,4.42546e+06,26
993,226884,-279593,32
994,151678,-2.90638e+06,32
995,156595,3.8296e+06,22
996,335778,5.98504e+06,31
997,190305,-2.71842e+06,23
998,174814,-1.20378e+06,27
999,93141,-1.43833e+06,19
