nu,Vpi,v
0.0144,-1e+07,63403.7
0.0144,-9.48718e+06,74462.6
0.0144,-8.97436e+06,84929.3
0.0144,-8.46154e+06,94825.7
0.0144,-7.94872e+06,104126
0.0144,-7.4359e+06,112817
0.0144,-6.92308e+06,120849
0.0144,-6.41026e+06,128320
0.0144,-5.89744e+06,135225
0.0144,-5.38462e+06,141540
0.0144,-4.87179e+06,147288
0.0144,-4.35897e+06,152424
0.0144,-3.84615e+06,157094
0.0144,-3.33333e+06,161157
0.0144,-2.82051e+06,164609
0.0144,-2.30769e+06,167459
0.0144,-1.79487e+06,169744
0.0144,-1.28205e+06,171479
0.0144,-769231,172624
0.0144,-256410,173178
0.0144,256410,173192
0.0144,769231,172661
0.0144,1.28205e+06,171543
0.0144,1.79487e+06,169833
0.0144,2.30769e+06,167572
0.0144,2.82051e+06,164747
0.0144,3.33333e+06,161320
0.0144,3.84615e+06,157285
0.0144,4.35897e+06,152641
0.0144,4.87179e+06,147525
0.0144,5.38462e+06,141802
0.0144,5.89744e+06,135512
0.0144,6.41026e+06,128635
0.0144,6.92308e+06,121188
0.0144,7.4359e+06,113181
0.0144,7.94872e+06,104518
0.0144,8.46154e+06,95245.6
0.0144,8.97436e+06,85371.7
0.0144,9.48718e+06,74930.8
0.0144,1e+07,63897.7
0.0150207,-1e+07,63403.3
0.0150207,-9.48718e+06,74462.2
0.0150207,-8.97436e+06,84928.9
0.0150207,-8.46154e+06,94825.3
0.0150207,-7.94872e+06,104126
0.0150207,-7.4359e+06,112816
0.0150207,-6.92308e+06,120849
0.0150207,-6.41026e+06,128320
0.0150207,-5.89744e+06,135224
0.0150207,-5.38462e+06,141540
0.0150207,-4.87179e+06,147288
0.0150207,-4.35897e+06,152424
0.0150207,-3.84615e+06,157093
0.0150207,-3.33333e+06,161156
0.0150207,-2.82051e+06,164609
0.0150207,-2.30769e+06,167459
0.0150207,-1.79487e+06,169744
0.0150207,-1.28205e+06,171479
0.0150207,-769231,172624
0.0150207,-256410,173178
0.0150207,256410,173192
0.0150207,769231,172661
0.0150207,1.28205e+06,171543
0.0150207,1.79487e+06,169833
0.0150207,2.30769e+06,167572
0.0150207,2.82051e+06,164747
0.0150207,3.33333e+06,161321
0.0150207,3.84615e+06,157285
0.0150207,4.35897e+06,152641
0.0150207,4.87179e+06,147525
0.0150207,5.38462e+06,141802
0.0150207,5.89744e+06,135513
0.0150207,6.41026e+06,128636
0.0150207,6.92308e+06,121188
0.0150207,7.4359e+06,113182
0.0150207,7.94872e+06,104518
0.0150207,8.46154e+06,95246
0.0150207,8.97436e+06,85372.1
0.0150207,9.48718e+06,74931.2
0.0150207,1e+07,63898.1
0.0156414,-1e+07,63402.8
0.0156414,-9.48718e+06,74461.7
0.0156414,-8.97436e+06,84928.4
0.0156414,-8.46154e+06,94824.9
0.0156414,-7.94872e+06,104125
0.0156414,-7.4359e+06,112816
0.0156414,-6.92308e+06,120848
0.0156414,-6.41026e+06,128320
0.0156414,-5.89744e+06,135224
0.0156414,-5.38462e+06,141540
0.0156414,-4.87179e+06,147288
0.0156414,-4.35897e+06,152424
0.0156414,-3.84615e+06,157093
0.0156414,-3.33333e+06,161156
0.0156414,-2.82051e+06,164609
0.0156414,-2.30769e+06,167459
0.0156414,-1.79487e+06,169744
0.0156414,-1.28205e+06,171479
0.0156414,-769231,172624
0.0156414,-256410,173178
0.0156414,256410,173192
0.0156414,769231,172661
0.0156414,1.28205e+06,171543
0.0156414,1.79487e+06,169833
0.0156414,2.30769e+06,167572
0.0156414,2.82051e+06,164747
0.0156414,3.33333e+06,161321
0.0156414,3.84615e+06,157285
0.0156414,4.35897e+06,152641
0.0156414,4.87179e+06,147526
0.0156414,5.38462e+06,141803
0.0156414,5.89744e+06,135513
0.0156414,6.41026e+06,128636
0.0156414,6.92308e+06,121188
0.0156414,7.4359e+06,113182
0.0156414,7.94872e+06,104519
0.0156414,8.46154e+06,95246.5
0.0156414,8.97436e+06,85372.5
0.0156414,9.48718e+06,74931.7
0.0156414,1e+07,63898.7
0.0162621,-1e+07,63402.2
0.0162621,-9.48718e+06,74461.2
0.0162621,-8.97436e+06,84927.9
0.0162621,-8.46154e+06,94824.4
0.0162621,-7.94872e+06,104125
0.0162621,-7.4359e+06,112816
0.0162621,-6.92308e+06,120848
0.0162621,-6.41026e+06,128319
0.0162621,-5.89744e+06,135224
0.0162621,-5.38462e+06,141539
0.0162621,-4.87179e+06,147288
0.0162621,-4.35897e+06,152424
0.0162621,-3.84615e+06,157093
0.0162621,-3.33333e+06,161156
0.0162621,-2.82051e+06,164608
0.0162621,-2.30769e+06,167459
0.0162621,-1.79487e+06,169744
0.0162621,-1.28205e+06,171479
0.0162621,-769231,172624
0.0162621,-256410,173178
0.0162621,256410,173192
0.0162621,769231,172661
0.0162621,1.28205e+06,171543
0.0162621,1.79487e+06,169833
0.0162621,2.30769e+06,167572
0.0162621,2.82051e+06,164747
0.0162621,3.33333e+06,161321
0.0162621,3.84615e+06,157285
0.0162621,4.35897e+06,152641
0.0162621,4.87179e+06,147526
0.0162621,5.38462e+06,141803
0.0162621,5.89744e+06,135513
0.0162621,6.41026e+06,128636
0.0162621,6.92308e+06,121189
0.0162621,7.4359e+06,113183
0.0162621,7.94872e+06,104519
0.0162621,8.46154e+06,95247
0.0162621,8.97436e+06,85373.1
0.0162621,9.48718e+06,74932.3
0.0162621,1e+07,63899.2
0.0168828,-1e+07,63401.6
0.0168828,-9.48718e+06,74460.6
0.0168828,-8.97436e+06,84927.3
0.0168828,-8.46154e+06,94823.8
0.0168828,-7.94872e+06,104124
0.0168828,-7.4359e+06,112815
0.0168828,-6.92308e+06,120847
0.0168828,-6.41026e+06,128319
0.0168828,-5.89744e+06,135223
0.0168828,-5.38462e+06,141539
0.0168828,-4.87179e+06,147287
0.0168828,-4.35897e+06,152423
0.0168828,-3.84615e+06,157093
0.0168828,-3.33333e+06,161156
0.0168828,-2.82051e+06,164608
0.0168828,-2.30769e+06,167459
0.0168828,-1.79487e+06,169744
0.0168828,-1.28205e+06,171479
0.0168828,-769231,172624
0.0168828,-256410,173178
0.0168828,256410,173192
0.0168828,769231,172661
0.0168828,1.28205e+06,171543
0.0168828,1.79487e+06,169833
0.0168828,2.30769e+06,167572
0.0168828,2.82051e+06,164748
0.0168828,3.33333e+06,161321
0.0168828,3.84615e+06,157286
0.0168828,4.35897e+06,152641
0.0168828,4.87179e+06,147526
0.0168828,5.38462e+06,141803
0.0168828,5.89744e+06,135514
0.0168828,6.41026e+06,128637
0.0168828,6.92308e+06,121189
0.0168828,7.4359e+06,113183
0.0168828,7.94872e+06,104520
0.0168828,8.46154e+06,95247.5
0.0168828,8.97436e+06,85373.6
0.0168828,9.48718e+06,74932.9
0.0168828,1e+07,63899.9
0.0175034,-1e+07,63400.8
0.0175034,-9.48718e+06,74459.9
0.0175034,-8.97436e+06,84926.7
0.0175034,-8.46154e+06,94823.2
0.0175034,-7.94872e+06,104124
0.0175034,-7.4359e+06,112815
0.0175034,-6.92308e+06,120847
0.0175034,-6.41026e+06,128318
0.0175034,-5.89744e+06,135223
0.0175034,-5.38462e+06,141539
0.0175034,-4.87179e+06,147287
0.0175034,-4.35897e+06,152423
0.0175034,-3.84615e+06,157093
0.0175034,-3.33333e+06,161156
0.0175034,-2.82051e+06,164608
0.0175034,-2.30769e+06,167459
0.0175034,-1.79487e+06,169744
0.0175034,-1.28205e+06,171479
0.0175034,-769231,172623
0.0175034,-256410,173178
0.0175034,256410,173192
0.0175034,769231,172661
0.0175034,1.28205e+06,171543
0.0175034,1.79487e+06,169833
0.0175034,2.30769e+06,167573
0.0175034,2.82051e+06,164748
0.0175034,3.33333e+06,161321
0.0175034,3.84615e+06,157286
0.0175034,4.35897e+06,152642
0.0175034,4.87179e+06,147527
0.0175034,5.38462e+06,141804
0.0175034,5.89744e+06,135514
0.0175034,6.41026e+06,128637
0.0175034,6.92308e+06,121190
0.0175034,7.4359e+06,113184
0.0175034,7.94872e+06,104520
0.0175034,8.46154e+06,95248.1
0.0175034,8.97436e+06,85374.3
0.0175034,9.48718e+06,74933.6
0.0175034,1e+07,63900.6
0.0181241,-1e+07,63400.1
0.0181241,-9.48718e+06,74459.2
0.0181241,-8.97436e+06,84926
0.0181241,-8.46154e+06,94822.6
0.0181241,-7.94872e+06,104123
0.0181241,-7.4359e+06,112814
0.0181241,-6.92308e+06,120846
0.0181241,-6.41026e+06,128318
0.0181241,-5.89744e+06,135222
0.0181241,-5.38462e+06,141538
0.0181241,-4.87179e+06,147287
0.0181241,-4.35897e+06,152423
0.0181241,-3.84615e+06,157092
0.0181241,-3.33333e+06,161155
0.0181241,-2.82051e+06,164608
0.0181241,-2.30769e+06,167458
0.0181241,-1.79487e+06,169744
0.0181241,-1.28205e+06,171479
0.0181241,-769231,172623
0.0181241,-256410,173178
0.0181241,256410,173192
0.0181241,769231,172661
0.0181241,1.28205e+06,171543
0.0181241,1.79487e+06,169833
0.0181241,2.30769e+06,167573
0.0181241,2.82051e+06,164748
0.0181241,3.33333e+06,161322
0.0181241,3.84615e+06,157286
0.0181241,4.35897e+06,152642
0.0181241,4.87179e+06,147527
0.0181241,5.38462e+06,141804
0.0181241,5.89744e+06,135515
0.0181241,6.41026e+06,128638
0.0181241,6.92308e+06,121190
0.0181241,7.4359e+06,113184
0.0181241,7.94872e+06,104521
0.0181241,8.46154e+06,95248.8
0.0181241,8.97436e+06,85375
0.0181241,9.48718e+06,74934.3
0.0181241,1e+07,63901.4
0.0187448,-1e+07,63399.3
0.0187448,-9.48718e+06,74458.4
0.0187448,-8.97436e+06,84925.3
0.0187448,-8.46154e+06,94821.9
0.0187448,-7.94872e+06,104123
0.0187448,-7.4359e+06,112813
0.0187448,-6.92308e+06,120846
0.0187448,-6.41026e+06,128317
0.0187448,-5.89744e+06,135222
0.0187448,-5.38462e+06,141538
0.0187448,-4.87179e+06,147286
0.0187448,-4.35897e+06,152422
0.0187448,-3.84615e+06,157092
0.0187448,-3.33333e+06,161155
0.0187448,-2.82051e+06,164608
0.0187448,-2.30769e+06,167458
0.0187448,-1.79487e+06,169743
0.0187448,-1.28205e+06,171479
0.0187448,-769231,172623
0.0187448,-256410,173178
0.0187448,256410,173192
0.0187448,769231,172661
0.0187448,1.28205e+06,171544
0.0187448,1.79487e+06,169833
0.0187448,2.30769e+06,167573
0.0187448,2.82051e+06,164748
0.0187448,3.33333e+06,161322
0.0187448,3.84615e+06,157286
0.0187448,4.35897e+06,152642
0.0187448,4.87179e+06,147527
0.0187448,5.38462e+06,141804
0.0187448,5.89744e+06,135515
0.0187448,6.41026e+06,128638
0.0187448,6.92308e+06,121191
0.0187448,7.4359e+06,113185
0.0187448,7.94872e+06,104522
0.0187448,8.46154e+06,95249.5
0.0187448,8.97436e+06,85375.7
0.0187448,9.48718e+06,74935.1
0.0187448,1e+07,63902.2
0.0193655,-1e+07,63398.4
0.0193655,-9.48718e+06,74457.6
0.0193655,-8.97436e+06,84924.5
0.0193655,-8.46154e+06,94821.2
0.0193655,-7.94872e+06,104122
0.0193655,-7.4359e+06,112813
0.0193655,-6.92308e+06,120845
0.0193655,-6.41026e+06,128317
0.0193655,-5.89744e+06,135222
0.0193655,-5.38462e+06,141537
0.0193655,-4.87179e+06,147286
0.0193655,-4.35897e+06,152422
0.0193655,-3.84615e+06,157092
0.0193655,-3.33333e+06,161155
0.0193655,-2.82051e+06,164607
0.0193655,-2.30769e+06,167458
0.0193655,-1.79487e+06,169743
0.0193655,-1.28205e+06,171479
0.0193655,-769231,172623
0.0193655,-256410,173178
0.0193655,256410,173192
0.0193655,769231,172661
0.0193655,1.28205e+06,171544
0.0193655,1.79487e+06,169834
0.0193655,2.30769e+06,167573
0.0193655,2.82051e+06,164748
0.0193655,3.33333e+06,161322
0.0193655,3.84615e+06,157287
0.0193655,4.35897e+06,152643
0.0193655,4.87179e+06,147528
0.0193655,5.38462e+06,141805
0.0193655,5.89744e+06,135516
0.0193655,6.41026e+06,128639
0.0193655,6.92308e+06,121191
0.0193655,7.4359e+06,113185
0.0193655,7.94872e+06,104522
0.0193655,8.46154e+06,95250.2
0.0193655,8.97436e+06,85376.5
0.0193655,9.48718e+06,74935.9
0.0193655,1e+07,63903
0.0199862,-1e+07,63397.5
0.0199862,-9.48718e+06,74456.8
0.0199862,-8.97436e+06,84923.7
0.0199862,-8.46154e+06,94820.4
0.0199862,-7.94872e+06,104121
0.0199862,-7.4359e+06,112812
0.0199862,-6.92308e+06,120845
0.0199862,-6.41026e+06,128316
0.0199862,-5.89744e+06,135221
0.0199862,-5.38462e+06,141537
0.0199862,-4.87179e+06,147285
0.0199862,-4.35897e+06,152422
0.0199862,-3.84615e+06,157091
0.0199862,-3.33333e+06,161155
0.0199862,-2.82051e+06,164607
0.0199862,-2.30769e+06,167458
0.0199862,-1.79487e+06,169743
0.0199862,-1.28205e+06,171479
0.0199862,-769231,172623
0.0199862,-256410,173178
0.0199862,256410,173192
0.0199862,769231,172661
0.0199862,1.28205e+06,171544
0.0199862,1.79487e+06,169834
0.0199862,2.30769e+06,167573
0.0199862,2.82051e+06,164749
0.0199862,3.33333e+06,161323
0.0199862,3.84615e+06,157287
0.0199862,4.35897e+06,152643
0.0199862,4.87179e+06,147528
0.0199862,5.38462e+06,141805
0.0199862,5.89744e+06,135516
0.0199862,6.41026e+06,128639
0.0199862,6.92308e+06,121192
0.0199862,7.4359e+06,113186
0.0199862,7.94872e+06,104523
0.0199862,8.46154e+06,95251
0.0199862,8.97436e+06,85377.3
0.0199862,9.48718e+06,74936.7
0.0199862,1e+07,63903.9
0.0206069,-1e+07,63396.6
0.0206069,-9.48718e+06,74455.9
0.0206069,-8.97436e+06,84922.9
0.0206069,-8.46154e+06,94819.6
0.0206069,-7.94872e+06,104121
0.0206069,-7.4359e+06,112812
0.0206069,-6.92308e+06,120844
0.0206069,-6.41026e+06,128316
0.0206069,-5.89744e+06,135220
0.0206069,-5.38462e+06,141536
0.0206069,-4.87179e+06,147285
0.0206069,-4.35897e+06,152421
0.0206069,-3.84615e+06,157091
0.0206069,-3.33333e+06,161154
0.0206069,-2.82051e+06,164607
0.0206069,-2.30769e+06,167458
0.0206069,-1.79487e+06,169743
0.0206069,-1.28205e+06,171478
0.0206069,-769231,172623
0.0206069,-256410,173178
0.0206069,256410,173192
0.0206069,769231,172661
0.0206069,1.28205e+06,171544
0.0206069,1.79487e+06,169834
0.0206069,2.30769e+06,167574
0.0206069,2.82051e+06,164749
0.0206069,3.33333e+06,161323
0.0206069,3.84615e+06,157288
0.0206069,4.35897e+06,152644
0.0206069,4.87179e+06,147529
0.0206069,5.38462e+06,141806
0.0206069,5.89744e+06,135517
0.0206069,6.41026e+06,128640
0.0206069,6.92308e+06,121193
0.0206069,7.4359e+06,113187
0.0206069,7.94872e+06,104524
0.0206069,8.46154e+06,95251.7
0.0206069,8.97436e+06,85378.1
0.0206069,9.48718e+06,74937.6
0.0206069,1e+07,63904.9
0.0212276,-1e+07,63395.7
0.0212276,-9.48718e+06,74455
0.0212276,-8.97436e+06,84922.1
0.0212276,-8.46154e+06,94818.8
0.0212276,-7.94872e+06,104120
0.0212276,-7.4359e+06,112811
0.0212276,-6.92308e+06,120843
0.0212276,-6.41026e+06,128315
0.0212276,-5.89744e+06,135220
0.0212276,-5.38462e+06,141536
0.0212276,-4.87179e+06,147284
0.0212276,-4.35897e+06,152421
0.0212276,-3.84615e+06,157091
0.0212276,-3.33333e+06,161154
0.0212276,-2.82051e+06,164607
0.0212276,-2.30769e+06,167457
0.0212276,-1.79487e+06,169743
0.0212276,-1.28205e+06,171478
0.0212276,-769231,172623
0.0212276,-256410,173178
0.0212276,256410,173192
0.0212276,769231,172661
0.0212276,1.28205e+06,171544
0.0212276,1.79487e+06,169834
0.0212276,2.30769e+06,167574
0.0212276,2.82051e+06,164749
0.0212276,3.33333e+06,161323
0.0212276,3.84615e+06,157288
0.0212276,4.35897e+06,152644
0.0212276,4.87179e+06,147529
0.0212276,5.38462e+06,141806
0.0212276,5.89744e+06,135517
0.0212276,6.41026e+06,128641
0.0212276,6.92308e+06,121193
0.0212276,7.4359e+06,113187
0.0212276,7.94872e+06,104524
0.0212276,8.46154e+06,95252.6
0.0212276,8.97436e+06,85378.9
0.0212276,9.48718e+06,74938.5
0.0212276,1e+07,63905.8
0.0218483,-1e+07,63394.7
0.0218483,-9.48718e+06,74454.1
0.0218483,-8.97436e+06,84921.2
0.0218483,-8.46154e+06,94818
0.0218483,-7.94872e+06,104119
0.0218483,-7.4359e+06,112810
0.0218483,-6.92308e+06,120843
0.0218483,-6.41026e+06,128315
0.0218483,-5.89744e+06,135219
0.0218483,-5.38462e+06,141535
0.0218483,-4.87179e+06,147284
0.0218483,-4.35897e+06,152420
0.0218483,-3.84615e+06,157090
0.0218483,-3.33333e+06,161154
0.0218483,-2.82051e+06,164606
0.0218483,-2.30769e+06,167457
0.0218483,-1.79487e+06,169743
0.0218483,-1.28205e+06,171478
0.0218483,-769231,172623
0.0218483,-256410,173178
0.0218483,256410,173192
0.0218483,769231,172661
0.0218483,1.28205e+06,171544
0.0218483,1.79487e+06,169834
0.0218483,2.30769e+06,167574
0.0218483,2.82051e+06,164750
0.0218483,3.33333e+06,161324
0.0218483,3.84615e+06,157288
0.0218483,4.35897e+06,152645
0.0218483,4.87179e+06,147530
0.0218483,5.38462e+06,141807
0.0218483,5.89744e+06,135518
0.0218483,6.41026e+06,128641
0.0218483,6.92308e+06,121194
0.0218483,7.4359e+06,113188
0.0218483,7.94872e+06,104525
0.0218483,8.46154e+06,95253.4
0.0218483,8.97436e+06,85379.8
0.0218483,9.48718e+06,74939.4
0.0218483,1e+07,63906.8
0.022469,-1e+07,63393.7
0.022469,-9.48718e+06,74453.1
0.022469,-8.97436e+06,84920.3
0.022469,-8.46154e+06,94817.2
0.022469,-7.94872e+06,104118
0.022469,-7.4359e+06,112809
0.022469,-6.92308e+06,120842
0.022469,-6.41026e+06,128314
0.022469,-5.89744e+06,135219
0.022469,-5.38462e+06,141535
0.022469,-4.87179e+06,147283
0.022469,-4.35897e+06,152420
0.022469,-3.84615e+06,157090
0.022469,-3.33333e+06,161153
0.022469,-2.82051e+06,164606
0.022469,-2.30769e+06,167457
0.022469,-1.79487e+06,169742
0.022469,-1.28205e+06,171478
0.022469,-769231,172623
0.022469,-256410,173178
0.022469,256410,173192
0.022469,769231,172661
0.022469,1.28205e+06,171544
0.022469,1.79487e+06,169834
0.022469,2.30769e+06,167574
0.022469,2.82051e+06,164750
0.022469,3.33333e+06,161324
0.022469,3.84615e+06,157289
0.022469,4.35897e+06,152645
0.022469,4.87179e+06,147530
0.022469,5.38462e+06,141807
0.022469,5.89744e+06,135518
0.022469,6.41026e+06,128642
0.022469,6.92308e+06,121195
0.022469,7.4359e+06,113189
0.022469,7.94872e+06,104526
0.022469,8.46154e+06,95254.2
0.022469,8.97436e+06,85380.7
0.022469,9.48718e+06,74940.4
0.022469,1e+07,63907.8
0.0230897,-1e+07,63392.7
0.0230897,-9.48718e+06,74452.2
0.0230897,-8.97436e+06,84919.4
0.0230897,-8.46154e+06,94816.3
0.0230897,-7.94872e+06,104117
0.0230897,-7.4359e+06,112809
0.0230897,-6.92308e+06,120841
0.0230897,-6.41026e+06,128313
0.0230897,-5.89744e+06,135218
0.0230897,-5.38462e+06,141534
0.0230897,-4.87179e+06,147283
0.0230897,-4.35897e+06,152419
0.0230897,-3.84615e+06,157089
0.0230897,-3.33333e+06,161153
0.0230897,-2.82051e+06,164606
0.0230897,-2.30769e+06,167457
0.0230897,-1.79487e+06,169742
0.0230897,-1.28205e+06,171478
0.0230897,-769231,172623
0.0230897,-256410,173178
0.0230897,256410,173192
0.0230897,769231,172662
0.0230897,1.28205e+06,171544
0.0230897,1.79487e+06,169835
0.0230897,2.30769e+06,167574
0.0230897,2.82051e+06,164750
0.0230897,3.33333e+06,161324
0.0230897,3.84615e+06,157289
0.0230897,4.35897e+06,152645
0.0230897,4.87179e+06,147531
0.0230897,5.38462e+06,141808
0.0230897,5.89744e+06,135519
0.0230897,6.41026e+06,128642
0.0230897,6.92308e+06,121195
0.0230897,7.4359e+06,113190
0.0230897,7.94872e+06,104527
0.0230897,8.46154e+06,95255.1
0.0230897,8.97436e+06,85381.7
0.0230897,9.48718e+06,74941.4
0.0230897,1e+07,63908.8
0.0237103,-1e+07,63391.6
0.0237103,-9.48718e+06,74451.2
0.0237103,-8.97436e+06,84918.5
0.0237103,-8.46154e+06,94815.4
0.0237103,-7.94872e+06,104117
0.0237103,-7.4359e+06,112808
0.0237103,-6.92308e+06,120841
0.0237103,-6.41026e+06,128313
0.0237103,-5.89744e+06,135218
0.0237103,-5.38462e+06,141534
0.0237103,-4.87179e+06,147282
0.0237103,-4.35897e+06,152419
0.0237103,-3.84615e+06,157089
0.0237103,-3.33333e+06,161153
0.0237103,-2.82051e+06,164605
0.0237103,-2.30769e+06,167457
0.0237103,-1.79487e+06,169742
0.0237103,-1.28205e+06,171478
0.0237103,-769231,172623
0.0237103,-256410,173178
0.0237103,256410,173192
0.0237103,769231,172662
0.0237103,1.28205e+06,171545
0.0237103,1.79487e+06,169835
0.0237103,2.30769e+06,167575
0.0237103,2.82051e+06,164750
0.0237103,3.33333e+06,161325
0.0237103,3.84615e+06,157289
0.0237103,4.35897e+06,152646
0.0237103,4.87179e+06,147531
0.0237103,5.38462e+06,141808
0.0237103,5.89744e+06,135520
0.0237103,6.41026e+06,128643
0.0237103,6.92308e+06,121196
0.0237103,7.4359e+06,113190
0.0237103,7.94872e+06,104528
0.0237103,8.46154e+06,95256
0.0237103,8.97436e+06,85382.6
0.0237103,9.48718e+06,74942.4
0.0237103,1e+07,63909.9
0.024331,-1e+07,63390.6
0.024331,-9.48718e+06,74450.2
0.024331,-8.97436e+06,84917.5
0.024331,-8.46154e+06,94814.5
0.024331,-7.94872e+06,104116
0.024331,-7.4359e+06,112807
0.024331,-6.92308e+06,120840
0.024331,-6.41026e+06,128312
0.024331,-5.89744e+06,135217
0.024331,-5.38462e+06,141533
0.024331,-4.87179e+06,147282
0.024331,-4.35897e+06,152419
0.024331,-3.84615e+06,157089
0.024331,-3.33333e+06,161152
0.024331,-2.82051e+06,164605
0.024331,-2.30769e+06,167456
0.024331,-1.79487e+06,169742
0.024331,-1.28205e+06,171478
0.024331,-769231,172623
0.024331,-256410,173178
0.024331,256410,173192
0.024331,769231,172662
0.024331,1.28205e+06,171545
0.024331,1.79487e+06,169835
0.024331,2.30769e+06,167575
0.024331,2.82051e+06,164751
0.024331,3.33333e+06,161325
0.024331,3.84615e+06,157290
0.024331,4.35897e+06,152646
0.024331,4.87179e+06,147532
0.024331,5.38462e+06,141809
0.024331,5.89744e+06,135520
0.024331,6.41026e+06,128644
0.024331,6.92308e+06,121197
0.024331,7.4359e+06,113191
0.024331,7.94872e+06,104529
0.024331,8.46154e+06,95256.9
0.024331,8.97436e+06,85383.5
0.024331,9.48718e+06,74943.4
0.024331,1e+07,63910.9
0.0249517,-1e+07,63389.5
0.0249517,-9.48718e+06,74449.2
0.0249517,-8.97436e+06,84916.6
0.0249517,-8.46154e+06,94813.6
0.0249517,-7.94872e+06,104115
0.0249517,-7.4359e+06,112806
0.0249517,-6.92308e+06,120839
0.0249517,-6.41026e+06,128311
0.0249517,-5.89744e+06,135216
0.0249517,-5.38462e+06,141533
0.0249517,-4.87179e+06,147281
0.0249517,-4.35897e+06,152418
0.0249517,-3.84615e+06,157088
0.0249517,-3.33333e+06,161152
0.0249517,-2.82051e+06,164605
0.0249517,-2.30769e+06,167456
0.0249517,-1.79487e+06,169742
0.0249517,-1.28205e+06,171478
0.0249517,-769231,172623
0.0249517,-256410,173178
0.0249517,256410,173192
0.0249517,769231,172662
0.0249517,1.28205e+06,171545
0.0249517,1.79487e+06,169835
0.0249517,2.30769e+06,167575
0.0249517,2.82051e+06,164751
0.0249517,3.33333e+06,161325
0.0249517,3.84615e+06,157290
0.0249517,4.35897e+06,152647
0.0249517,4.87179e+06,147532
0.0249517,5.38462e+06,141810
0.0249517,5.89744e+06,135521
0.0249517,6.41026e+06,128645
0.0249517,6.92308e+06,121198
0.0249517,7.4359e+06,113192
0.0249517,7.94872e+06,104529
0.0249517,8.46154e+06,95257.8
0.0249517,8.97436e+06,85384.5
0.0249517,9.48718e+06,74944.4
0.0249517,1e+07,63912
0.0255724,-1e+07,63388.4
0.0255724,-9.48718e+06,74448.1
0.0255724,-8.97436e+06,84915.6
0.0255724,-8.46154e+06,94812.7
0.0255724,-7.94872e+06,104114
0.0255724,-7.4359e+06,112806
0.0255724,-6.92308e+06,120838
0.0255724,-6.41026e+06,128311
0.0255724,-5.89744e+06,135216
0.0255724,-5.38462e+06,141532
0.0255724,-4.87179e+06,147281
0.0255724,-4.35897e+06,152418
0.0255724,-3.84615e+06,157088
0.0255724,-3.33333e+06,161152
0.0255724,-2.82051e+06,164605
0.0255724,-2.30769e+06,167456
0.0255724,-1.79487e+06,169742
0.0255724,-1.28205e+06,171477
0.0255724,-769231,172623
0.0255724,-256410,173178
0.0255724,256410,173192
0.0255724,769231,172662
0.0255724,1.28205e+06,171545
0.0255724,1.79487e+06,169835
0.0255724,2.30769e+06,167575
0.0255724,2.82051e+06,164751
0.0255724,3.33333e+06,161326
0.0255724,3.84615e+06,157291
0.0255724,4.35897e+06,152647
0.0255724,4.87179e+06,147533
0.0255724,5.38462e+06,141810
0.0255724,5.89744e+06,135521
0.0255724,6.41026e+06,128645
0.0255724,6.92308e+06,121198
0.0255724,7.4359e+06,113193
0.0255724,7.94872e+06,104530
0.0255724,8.46154e+06,95258.8
0.0255724,8.97436e+06,85385.5
0.0255724,9.48718e+06,74945.4
0.0255724,1e+07,63913.1
0.0261931,-1e+07,63387.4
0.0261931,-9.48718e+06,74447.1
0.0261931,-8.97436e+06,84914.6
0.0261931,-8.46154e+06,94811.8
0.0261931,-7.94872e+06,104113
0.0261931,-7.4359e+06,112805
0.0261931,-6.92308e+06,120838
0.0261931,-6.41026e+06,128310
0.0261931,-5.89744e+06,135215
0.0261931,-5.38462e+06,141532
0.0261931,-4.87179e+06,147280
0.0261931,-4.35897e+06,152417
0.0261931,-3.84615e+06,157087
0.0261931,-3.33333e+06,161151
0.0261931,-2.82051e+06,164604
0.0261931,-2.30769e+06,167456
0.0261931,-1.79487e+06,169741
0.0261931,-1.28205e+06,171477
0.0261931,-769231,172622
0.0261931,-256410,173178
0.0261931,256410,173192
0.0261931,769231,172662
0.0261931,1.28205e+06,171545
0.0261931,1.79487e+06,169836
0.0261931,2.30769e+06,167576
0.0261931,2.82051e+06,164752
0.0261931,3.33333e+06,161326
0.0261931,3.84615e+06,157291
0.0261931,4.35897e+06,152648
0.0261931,4.87179e+06,147533
0.0261931,5.38462e+06,141811
0.0261931,5.89744e+06,135522
0.0261931,6.41026e+06,128646
0.0261931,6.92308e+06,121199
0.0261931,7.4359e+06,113194
0.0261931,7.94872e+06,104531
0.0261931,8.46154e+06,95259.7
0.0261931,8.97436e+06,85386.5
0.0261931,9.48718e+06,74946.5
0.0261931,1e+07,63914.2
0.0268138,-1e+07,63386.2
0.0268138,-9.48718e+06,74446
0.0268138,-8.97436e+06,84913.6
0.0268138,-8.46154e+06,94810.8
0.0268138,-7.94872e+06,104112
0.0268138,-7.4359e+06,112804
0.0268138,-6.92308e+06,120837
0.0268138,-6.41026e+06,128309
0.0268138,-5.89744e+06,135214
0.0268138,-5.38462e+06,141531
0.0268138,-4.87179e+06,147280
0.0268138,-4.35897e+06,152417
0.0268138,-3.84615e+06,157087
0.0268138,-3.33333e+06,161151
0.0268138,-2.82051e+06,164604
0.0268138,-2.30769e+06,167455
0.0268138,-1.79487e+06,169741
0.0268138,-1.28205e+06,171477
0.0268138,-769231,172622
0.0268138,-256410,173178
0.0268138,256410,173192
0.0268138,769231,172662
0.0268138,1.28205e+06,171545
0.0268138,1.79487e+06,169836
0.0268138,2.30769e+06,167576
0.0268138,2.82051e+06,164752
0.0268138,3.33333e+06,161326
0.0268138,3.84615e+06,157292
0.0268138,4.35897e+06,152648
0.0268138,4.87179e+06,147534
0.0268138,5.38462e+06,141811
0.0268138,5.89744e+06,135523
0.0268138,6.41026e+06,128647
0.0268138,6.92308e+06,121200
0.0268138,7.4359e+06,113194
0.0268138,7.94872e+06,104532
0.0268138,8.46154e+06,95260.6
0.0268138,8.97436e+06,85387.5
0.0268138,9.48718e+06,74947.5
0.0268138,1e+07,63915.3
0.0274345,-1e+07,63385.1
0.0274345,-9.48718e+06,74445
0.0274345,-8.97436e+06,84912.6
0.0274345,-8.46154e+06,94809.9
0.0274345,-7.94872e+06,104111
0.0274345,-7.4359e+06,112803
0.0274345,-6.92308e+06,120836
0.0274345,-6.41026e+06,128308
0.0274345,-5.89744e+06,135214
0.0274345,-5.38462e+06,141530
0.0274345,-4.87179e+06,147279
0.0274345,-4.35897e+06,152416
0.0274345,-3.84615e+06,157086
0.0274345,-3.33333e+06,161150
0.0274345,-2.82051e+06,164604
0.0274345,-2.30769e+06,167455
0.0274345,-1.79487e+06,169741
0.0274345,-1.28205e+06,171477
0.0274345,-769231,172622
0.0274345,-256410,173178
0.0274345,256410,173192
0.0274345,769231,172662
0.0274345,1.28205e+06,171545
0.0274345,1.79487e+06,169836
0.0274345,2.30769e+06,167576
0.0274345,2.82051e+06,164752
0.0274345,3.33333e+06,161327
0.0274345,3.84615e+06,157292
0.0274345,4.35897e+06,152649
0.0274345,4.87179e+06,147534
0.0274345,5.38462e+06,141812
0.0274345,5.89744e+06,135523
0.0274345,6.41026e+06,128647
0.0274345,6.92308e+06,121201
0.0274345,7.4359e+06,113195
0.0274345,7.94872e+06,104533
0.0274345,8.46154e+06,95261.6
0.0274345,8.97436e+06,85388.5
0.0274345,9.48718e+06,74948.6
0.0274345,1e+07,63916.5
0.0280552,-1e+07,63384
0.0280552,-9.48718e+06,74443.9
0.0280552,-8.97436e+06,84911.6
0.0280552,-8.46154e+06,94808.9
0.0280552,-7.94872e+06,104111
0.0280552,-7.4359e+06,112802
0.0280552,-6.92308e+06,120835
0.0280552,-6.41026e+06,128308
0.0280552,-5.89744e+06,135213
0.0280552,-5.38462e+06,141530
0.0280552,-4.87179e+06,147279
0.0280552,-4.35897e+06,152416
0.0280552,-3.84615e+06,157086
0.0280552,-3.33333e+06,161150
0.0280552,-2.82051e+06,164603
0.0280552,-2.30769e+06,167455
0.0280552,-1.79487e+06,169741
0.0280552,-1.28205e+06,171477
0.0280552,-769231,172622
0.0280552,-256410,173178
0.0280552,256410,173193
0.0280552,769231,172662
0.0280552,1.28205e+06,171546
0.0280552,1.79487e+06,169836
0.0280552,2.30769e+06,167576
0.0280552,2.82051e+06,164753
0.0280552,3.33333e+06,161327
0.0280552,3.84615e+06,157292
0.0280552,4.35897e+06,152649
0.0280552,4.87179e+06,147535
0.0280552,5.38462e+06,141813
0.0280552,5.89744e+06,135524
0.0280552,6.41026e+06,128648
0.0280552,6.92308e+06,121201
0.0280552,7.4359e+06,113196
0.0280552,7.94872e+06,104534
0.0280552,8.46154e+06,95262.6
0.0280552,8.97436e+06,85389.5
0.0280552,9.48718e+06,74949.7
0.0280552,1e+07,63917.6
0.0286759,-1e+07,63382.9
0.0286759,-9.48718e+06,74442.9
0.0286759,-8.97436e+06,84910.6
0.0286759,-8.46154e+06,94807.9
0.0286759,-7.94872e+06,104110
0.0286759,-7.4359e+06,112801
0.0286759,-6.92308e+06,120835
0.0286759,-6.41026e+06,128307
0.0286759,-5.89744e+06,135212
0.0286759,-5.38462e+06,141529
0.0286759,-4.87179e+06,147278
0.0286759,-4.35897e+06,152415
0.0286759,-3.84615e+06,157086
0.0286759,-3.33333e+06,161150
0.0286759,-2.82051e+06,164603
0.0286759,-2.30769e+06,167455
0.0286759,-1.79487e+06,169741
0.0286759,-1.28205e+06,171477
0.0286759,-769231,172622
0.0286759,-256410,173178
0.0286759,256410,173193
0.0286759,769231,172662
0.0286759,1.28205e+06,171546
0.0286759,1.79487e+06,169836
0.0286759,2.30769e+06,167577
0.0286759,2.82051e+06,164753
0.0286759,3.33333e+06,161328
0.0286759,3.84615e+06,157293
0.0286759,4.35897e+06,152650
0.0286759,4.87179e+06,147535
0.0286759,5.38462e+06,141813
0.0286759,5.89744e+06,135525
0.0286759,6.41026e+06,128649
0.0286759,6.92308e+06,121202
0.0286759,7.4359e+06,113197
0.0286759,7.94872e+06,104535
0.0286759,8.46154e+06,95263.5
0.0286759,8.97436e+06,85390.5
0.0286759,9.48718e+06,74950.7
0.0286759,1e+07,63918.7
0.0292966,-1e+07,63381.7
0.0292966,-9.48718e+06,74441.8
0.0292966,-8.97436e+06,84909.6
0.0292966,-8.46154e+06,94807
0.0292966,-7.94872e+06,104109
0.0292966,-7.4359e+06,112801
0.0292966,-6.92308e+06,120834
0.0292966,-6.41026e+06,128306
0.0292966,-5.89744e+06,135212
0.0292966,-5.38462e+06,141529
0.0292966,-4.87179e+06,147278
0.0292966,-4.35897e+06,152415
0.0292966,-3.84615e+06,157085
0.0292966,-3.33333e+06,161149
0.0292966,-2.82051e+06,164603
0.0292966,-2.30769e+06,167454
0.0292966,-1.79487e+06,169740
0.0292966,-1.28205e+06,171477
0.0292966,-769231,172622
0.0292966,-256410,173178
0.0292966,256410,173193
0.0292966,769231,172662
0.0292966,1.28205e+06,171546
0.0292966,1.79487e+06,169837
0.0292966,2.30769e+06,167577
0.0292966,2.82051e+06,164753
0.0292966,3.33333e+06,161328
0.0292966,3.84615e+06,157293
0.0292966,4.35897e+06,152650
0.0292966,4.87179e+06,147536
0.0292966,5.38462e+06,141814
0.0292966,5.89744e+06,135525
0.0292966,6.41026e+06,128650
0.0292966,6.92308e+06,121203
0.0292966,7.4359e+06,113198
0.0292966,7.94872e+06,104536
0.0292966,8.46154e+06,95264.5
0.0292966,8.97436e+06,85391.5
0.0292966,9.48718e+06,74951.8
0.0292966,1e+07,63919.9
0.0299172,-1e+07,63380.6
0.0299172,-9.48718e+06,74440.7
0.0299172,-8.97436e+06,84908.6
0.0299172,-8.46154e+06,94806
0.0299172,-7.94872e+06,104108
0.0299172,-7.4359e+06,112800
0.0299172,-6.92308e+06,120833
0.0299172,-6.41026e+06,128306
0.0299172,-5.89744e+06,135211
0.0299172,-5.38462e+06,141528
0.0299172,-4.87179e+06,147277
0.0299172,-4.35897e+06,152414
0.0299172,-3.84615e+06,157085
0.0299172,-3.33333e+06,161149
0.0299172,-2.82051e+06,164602
0.0299172,-2.30769e+06,167454
0.0299172,-1.79487e+06,169740
0.0299172,-1.28205e+06,171476
0.0299172,-769231,172622
0.0299172,-256410,173178
0.0299172,256410,173193
0.0299172,769231,172662
0.0299172,1.28205e+06,171546
0.0299172,1.79487e+06,169837
0.0299172,2.30769e+06,167577
0.0299172,2.82051e+06,164754
0.0299172,3.33333e+06,161328
0.0299172,3.84615e+06,157294
0.0299172,4.35897e+06,152651
0.0299172,4.87179e+06,147537
0.0299172,5.38462e+06,141814
0.0299172,5.89744e+06,135526
0.0299172,6.41026e+06,128650
0.0299172,6.92308e+06,121204
0.0299172,7.4359e+06,113199
0.0299172,7.94872e+06,104537
0.0299172,8.46154e+06,95265.5
0.0299172,8.97436e+06,85392.6
0.0299172,9.48718e+06,74952.9
0.0299172,1e+07,63921
0.0305379,-1e+07,63379.4
0.0305379,-9.48718e+06,74439.6
0.0305379,-8.97436e+06,84907.5
0.0305379,-8.46154e+06,94805
0.0305379,-7.94872e+06,104107
0.0305379,-7.4359e+06,112799
0.0305379,-6.92308e+06,120832
0.0305379,-6.41026e+06,128305
0.0305379,-5.89744e+06,135210
0.0305379,-5.38462e+06,141527
0.0305379,-4.87179e+06,147277
0.0305379,-4.35897e+06,152414
0.0305379,-3.84615e+06,157084
0.0305379,-3.33333e+06,161149
0.0305379,-2.82051e+06,164602
0.0305379,-2.30769e+06,167454
0.0305379,-1.79487e+06,169740
0.0305379,-1.28205e+06,171476
0.0305379,-769231,172622
0.0305379,-256410,173178
0.0305379,256410,173193
0.0305379,769231,172663
0.0305379,1.28205e+06,171546
0.0305379,1.79487e+06,169837
0.0305379,2.30769e+06,167578
0.0305379,2.82051e+06,164754
0.0305379,3.33333e+06,161329
0.0305379,3.84615e+06,157294
0.0305379,4.35897e+06,152651
0.0305379,4.87179e+06,147537
0.0305379,5.38462e+06,141815
0.0305379,5.89744e+06,135527
0.0305379,6.41026e+06,128651
0.0305379,6.92308e+06,121205
0.0305379,7.4359e+06,113200
0.0305379,7.94872e+06,104537
0.0305379,8.46154e+06,95266.5
0.0305379,8.97436e+06,85393.6
0.0305379,9.48718e+06,74954
0.0305379,1e+07,63922.2
0.0311586,-1e+07,63378.3
0.0311586,-9.48718e+06,74438.5
0.0311586,-8.97436e+06,84906.5
0.0311586,-8.46154e+06,94804.1
0.0311586,-7.94872e+06,104106
0.0311586,-7.4359e+06,112798
0.0311586,-6.92308e+06,120832
0.0311586,-6.41026e+06,128304
0.0311586,-5.89744e+06,135210
0.0311586,-5.38462e+06,141527
0.0311586,-4.87179e+06,147276
0.0311586,-4.35897e+06,152413
0.0311586,-3.84615e+06,157084
0.0311586,-3.33333e+06,161148
0.0311586,-2.82051e+06,164602
0.0311586,-2.30769e+06,167454
0.0311586,-1.79487e+06,169740
0.0311586,-1.28205e+06,171476
0.0311586,-769231,172622
0.0311586,-256410,173178
0.0311586,256410,173193
0.0311586,769231,172663
0.0311586,1.28205e+06,171546
0.0311586,1.79487e+06,169837
0.0311586,2.30769e+06,167578
0.0311586,2.82051e+06,164754
0.0311586,3.33333e+06,161329
0.0311586,3.84615e+06,157295
0.0311586,4.35897e+06,152652
0.0311586,4.87179e+06,147538
0.0311586,5.38462e+06,141816
0.0311586,5.89744e+06,135527
0.0311586,6.41026e+06,128652
0.0311586,6.92308e+06,121205
0.0311586,7.4359e+06,113200
0.0311586,7.94872e+06,104538
0.0311586,8.46154e+06,95267.5
0.0311586,8.97436e+06,85394.7
0.0311586,9.48718e+06,74955.1
0.0311586,1e+07,63923.4
0.0317793,-1e+07,63377.1
0.0317793,-9.48718e+06,74437.4
0.0317793,-8.97436e+06,84905.5
0.0317793,-8.46154e+06,94803.1
0.0317793,-7.94872e+06,104105
0.0317793,-7.4359e+06,112797
0.0317793,-6.92308e+06,120831
0.0317793,-6.41026e+06,128303
0.0317793,-5.89744e+06,135209
0.0317793,-5.38462e+06,141526
0.0317793,-4.87179e+06,147276
0.0317793,-4.35897e+06,152413
0.0317793,-3.84615e+06,157083
0.0317793,-3.33333e+06,161148
0.0317793,-2.82051e+06,164601
0.0317793,-2.30769e+06,167453
0.0317793,-1.79487e+06,169740
0.0317793,-1.28205e+06,171476
0.0317793,-769231,172622
0.0317793,-256410,173178
0.0317793,256410,173193
0.0317793,769231,172663
0.0317793,1.28205e+06,171546
0.0317793,1.79487e+06,169837
0.0317793,2.30769e+06,167578
0.0317793,2.82051e+06,164755
0.0317793,3.33333e+06,161329
0.0317793,3.84615e+06,157295
0.0317793,4.35897e+06,152652
0.0317793,4.87179e+06,147538
0.0317793,5.38462e+06,141816
0.0317793,5.89744e+06,135528
0.0317793,6.41026e+06,128653
0.0317793,6.92308e+06,121206
0.0317793,7.4359e+06,113201
0.0317793,7.94872e+06,104539
0.0317793,8.46154e+06,95268.5
0.0317793,8.97436e+06,85395.7
0.0317793,9.48718e+06,74956.2
0.0317793,1e+07,63924.5
0.0324,-1e+07,63376
0.0324,-9.48718e+06,74436.3
0.0324,-8.97436e+06,84904.4
0.0324,-8.46154e+06,94802.1
0.0324,-7.94872e+06,104104
0.0324,-7.4359e+06,112796
0.0324,-6.92308e+06,120830
0.0324,-6.41026e+06,128303
0.0324,-5.89744e+06,135208
0.0324,-5.38462e+06,141526
0.0324,-4.87179e+06,147275
0.0324,-4.35897e+06,152412
0.0324,-3.84615e+06,157083
0.0324,-3.33333e+06,161147
0.0324,-2.82051e+06,164601
0.0324,-2.30769e+06,167453
0.0324,-1.79487e+06,169739
0.0324,-1.28205e+06,171476
0.0324,-769231,172622
0.0324,-256410,173178
0.0324,256410,173193
0.0324,769231,172663
0.0324,1.28205e+06,171547
0.0324,1.79487e+06,169838
0.0324,2.30769e+06,167578
0.0324,2.82051e+06,164755
0.0324,3.33333e+06,161330
0.0324,3.84615e+06,157296
0.0324,4.35897e+06,152653
0.0324,4.87179e+06,147539
0.0324,5.38462e+06,141817
0.0324,5.89744e+06,135529
0.0324,6.41026e+06,128653
0.0324,6.92308e+06,121207
0.0324,7.4359e+06,113202
0.0324,7.94872e+06,104540
0.0324,8.46154e+06,95269.5
0.0324,8.97436e+06,85396.8
0.0324,9.48718e+06,74957.3
0.0324,1e+07,63925.7
